lipid,EVP2D,Exomere2D,Super2D,EVP3D,Exomere3D,Super3D,ExomereFPLC,SuperFPLC,EV3D,hEV3D,NV3D
AHexCer 58:7;3O|AHexCer (O-20:4)38:3;3O,0,6.49,7,6.34,6.94,7.09,6.54,6.38,6.1,6.58,6.91
BMP 36:2|BMP 18:1_18:1,7.39,6.32,5.62,7.52,6.71,6.84,6.95,6.42,6.96,7.49,6.94
CAR 15:4,7.75,7.69,7.68,7.7,7.71,7.58,7.63,7.54,7.52,7.56,7.56
CAR 20:0,7.9,8.27,8.32,8.33,8.36,8.35,8.33,8.31,8.18,8.13,8.17
CAR 24:3,6.95,7.33,7.48,7.43,7.54,7.46,7.47,7.46,7.35,7.44,7.44
CAR 26:6,7.24,7.23,7.21,7.26,7.24,7.2,7.14,7.16,7.29,7.21,7.16
CAR 5:0,7.5,7.33,7.45,7.5,7.51,7.44,7.43,7.41,7.24,7.43,7.36
CE 16:1,6.22,6.99,6.32,5.1,5.91,6.3,6.14,5.91,5.92,5.87,5.64
CE 18:1,7.41,7.81,7.23,7.1,6.97,7.25,7.22,6.97,7.09,7.1,7.01
CE 18:2,8.88,9.35,8.75,7.19,6.79,7,6.97,6.79,6.78,6.83,6.8
CE 18:3,7.08,7.59,6.87,0,0,0,0,0,0,3.67,0
CE 20:3,7.01,7.5,6.83,6.03,5.68,6.06,6.13,5.21,5.88,5.75,5.78
CE 20:4,7.56,8.03,7.34,6.65,0,0,0,0,0,0,0
CE 22:6,7.83,8.6,8.22,7.11,6.92,6.96,6.96,7.03,6.9,7.02,6.93
Cer 21:1;4O|Cer 12:1;3O/9:0;(2OH),7.18,7.18,7.01,7.08,7.02,6.98,6.92,6.96,6.89,7.01,6.87
Cer 30:1;2O|Cer 15:1;2O/15:0,8.57,8.67,8.62,8.69,8.62,8.6,8.62,8.58,8.6,8.57,8.61
Cer 31:1;2O|Cer 17:1;2O/14:0,6.91,6.72,6.63,6.86,6.7,6.81,6.86,6.79,6.91,6.84,6.72
Cer 31:4;2O|Cer 12:2;2O/19:2,8.79,8.73,8.78,8.78,8.84,8.7,8.7,8.75,8.8,8.76,8.75
Cer 32:1;2O|Cer 18:1;2O/14:0,7.31,6.67,5.81,7.35,6.36,6.1,6.91,5.86,7.12,7.18,6.17
Cer 32:4;2O|Cer 12:2;2O/20:2,9.04,9.02,9.04,9.03,9.05,9,8.98,9.01,9.05,9.05,9.01
Cer 33:4;2O|Cer 12:2;2O/21:2,8.78,8.73,8.76,8.79,8.79,8.68,8.66,8.73,8.78,8.78,8.69
Cer 33:4;4O,7.85,7.77,7.77,7.71,7.51,7.52,7.61,7.83,7.65,7.76,7.72
Cer 33:6;2O|Cer 12:2;2O/21:4,7.74,0,0,5.1,0,3.14,0,4.22,3.5,4.81,4.41
Cer 34:0;2O|Cer 18:0;2O/16:0,8.22,7.88,7.14,8.4,7.66,7.26,7.95,7.18,8.15,8.33,7.51
Cer 34:0;3O|Cer 18:0;2O/16:0;O,7.45,7.5,7.56,7.5,7.56,7.5,7.52,7.51,7.48,7.46,7.49
Cer 34:1;2O|Cer 18:1;2O/16:0,9.27,8.66,7.7,9.26,8.4,7.76,8.77,7.75,8.98,9.16,8.12
Cer 34:1;3O|Cer 19:0;2O/15:1;O,6.76,6.98,6.91,6.96,6.81,7.22,7.22,7,7.06,7.07,6.95
Cer 34:1;4O|Cer 18:1;3O/16:0;(2OH),6.87,7.05,7.09,7.09,7.02,7.25,7.26,7.13,7.2,7.24,7.15
Cer 36:2;3O|Cer 19:0;2O/17:2;O,4.9,5.73,5.76,5.75,5.2,6.46,6.39,5.89,6.19,6.27,6.16
Cer 36:2;3O|Cer 20:1;2O/16:1;O,4.54,5.81,5.9,5.33,5.01,6.8,6.14,5.58,6.06,6.12,5.53
Cer 36:4;4O,5.8,7.18,7.12,6.81,7.2,7.18,7.01,7.2,6.9,7.3,7.01
Cer 39:2;3O|Cer 17:0;2O/22:2;O,4.97,6.28,7.3,6.04,7.25,7.11,6.74,7.46,6.72,7.46,7.38
Cer 39:2;3O|Cer 18:0;2O/21:2;O,7.04,6.44,6.28,7.24,6.62,6.24,7.01,6.33,8.31,7.99,6.82
Cer 39:2;3O|Cer 18:1;2O/21:1;O,9.07,9.2,9.18,9.16,9.16,9.14,9.11,9.13,9.11,9.04,9.14
Cer 39:3;3O|Cer 18:1;2O/21:2;O,5.89,5.66,4.68,5.52,4.26,4.37,4.53,4.75,7.27,6.64,4.76
Cer 40:1;2O|Cer 18:1;2O/22:0,8.22,7.91,7.56,8.25,7.67,7.81,7.95,7.63,7.98,8.1,7.75
Cer 40:1;3O|Cer 18:1;2O/22:0;O,7.83,7.23,7.13,7.66,7.16,7.19,7.27,7.17,7.3,7.49,7.13
Cer 40:4;3O|Cer 18:1;2O/22:3;O,7.27,6.88,5.8,6.81,5.96,5.8,6.09,5.87,6.9,6.58,5.83
Cer 41:1;2O|Cer 18:1;2O/23:0,7.36,7.04,6.88,7.35,6.85,6.98,7.07,6.85,7.14,7.23,6.99
Cer 41:1;3O|Cer 18:1;2O/23:0;O,7.55,7.03,6.64,7.37,6.69,6.73,6.84,6.68,6.98,7.11,6.75
Cer 42:0;2O|Cer 18:0;2O/24:0,8.33,7.79,7.48,8.49,7.68,7.72,7.96,7.52,8.17,8.27,7.79
Cer 42:1;2O|Cer 18:1;2O/24:0,8.89,8.25,7.65,8.75,7.95,7.96,8.26,7.78,8.38,8.55,8.01
Cer 42:1;3O|Cer 18:1;2O/24:0;O,8.87,8.36,7.11,8.84,8,7.23,8.33,7.18,8.46,8.64,8.01
Cer 42:2;2O|Cer 18:1;2O/24:1,8.13,7.46,6.35,8.08,6.89,6.4,7.31,6.4,7.59,7.86,6.82
Cer 42:2;3O|Cer 18:1;2O/24:1;O,7.8,7.03,6.2,7.35,6.17,6.06,6.46,6.09,6.74,6.99,6.14
Cer 43:1;2O|Cer 18:1;2O/25:0,7.16,6.82,6.73,7.02,6.59,6.89,6.86,6.68,6.94,6.94,6.84
Cer 43:1;3O|Cer 18:1;2O/25:0;O,7.56,7.15,6.7,7.45,6.68,6.78,6.96,6.67,7.08,7.18,6.76
Cer 43:1;3O|Cer 19:0;2O/24:1;O,6.7,7.53,7.28,7.23,7.31,7.5,7.48,7.36,7.4,7.6,7.44
Cer 43:1;4O|Cer 17:1;3O/26:0;(2OH),6.53,6.35,6.18,6.72,6.46,6.53,6.76,6.29,7.59,7.23,6.55
Cer 44:1;2O|Cer 18:1;2O/26:0,7.51,7.01,6.89,7.14,6.82,7.05,7.08,6.91,7.06,7.15,7
Cer 44:1;3O|Cer 19:0;2O/25:1;O,7.31,7.47,7.43,7.46,7.57,7.7,7.78,7.54,7.67,7.72,7.64
Cer 44:1;3O|Cer 20:1;2O/24:0;O,8.26,7.87,6.9,7.98,6.99,7.09,7.34,6.89,7.49,7.72,7.17
Cer 44:2;2O|Cer 18:1;2O/26:1,7.44,6.6,5.76,6.86,5.78,5.26,6.27,5.44,6.41,6.61,5.76
Cer 44:4;2O|Cer 15:3;2O/29:1,7.41,8.2,8.19,7.95,8.32,8.32,8.39,8.37,8.32,8.32,8.4
Cer 45:0;2O|Cer 19:0;2O/26:0,6.9,6.86,6.96,6.93,6.95,6.9,6.81,6.88,6.91,7.01,7.01
Cer 45:1;2O|Cer 19:1;2O/26:0,6.32,6.4,6.38,6.42,6.24,6.6,6.58,6.51,6.49,6.4,6.42
Cer 45:1;3O|Cer 20:0;2O/25:1;O,7.58,7.22,6.71,7,6.73,6.7,6.88,6.54,7.69,7.58,6.76
Cer 45:2;3O|Cer 20:1;2O/25:1;O,6.61,6.74,6.53,6.89,6.77,6.82,6.86,6.61,7.55,7.21,6.71
Cer 47:6;4O|Cer 18:2;2O/29:4;2O,8.08,8.2,8.19,8.14,8.18,8.15,8.14,8.14,8.12,8.1,8.13
Cer 48:7;3O|Cer 18:1;2O/30:6;O,5.96,6.96,6.85,6.57,6.87,6.94,6.85,6.9,6.85,6.85,6.84
Cer 50:8;3O|Cer 18:2;2O/32:6;O,6.87,7.1,7.29,7.07,7.3,7.14,7.13,7.18,7.15,7.27,7.29
Cer 51:7;4O|Cer 20:1;2O/31:6;2O,6.98,7.28,7.35,7.26,7.39,7.31,7.32,7.38,7.35,7.39,7.36
Cer 52:2;3O|Cer 20:1;2O/32:1;O,0,6.03,6.03,6.05,5.89,6.53,6.47,6.18,6.11,6.32,6.38
Cer 52:8;3O|Cer 18:2;2O/34:6;O,7.2,7.08,7.31,7.1,7.31,7.14,7.1,7.17,7.15,7.28,7.31
Cer 53:11;4O|Cer 18:2;2O/35:9;2O,8.69,8.02,6.73,6.94,6.41,5.98,6.62,5.78,6.92,7.01,6.28
Cer 54:12;4O|Cer 18:2;2O/36:10;2O,7.7,6.74,5.69,7.05,5.43,5.08,5.83,6.12,6.02,6.43,6.41
Cer 55:8;4O|Cer 15:2;2O/40:6;2O,7.74,7.73,7.81,7.73,7.69,7.65,7.65,7.7,7.71,7.66,7.72
Cer 55:9;4O|Cer 18:1;2O/37:8;2O,9.58,8.49,6.8,8.66,7.73,6.38,7.88,6.58,7.78,7.65,6.7
Cer 56:11;4O|Cer 20:1;2O/36:10;2O,7.21,7.58,7.43,7.5,7.57,7.63,7.8,7.86,7.83,7.92,7.92
Cer 57:13;4O|Cer 20:2;2O/37:11;2O,7.7,7.59,5.92,7.77,7.35,5.76,7.52,6.18,7.66,7.68,6.76
Cer 60:5;4O|Cer 18:2;2O/42:3;2O,7.27,7.24,7.28,7.26,7.25,7.21,7.26,7.33,7.26,7.3,7.32
Cer 61:12;4O|Cer 18:2;2O/43:10;2O,6.87,6,5.57,5.95,5.72,5.79,5.94,6.07,5.97,6.19,6.94
Cer 62:13;4O|Cer 18:2;2O/44:11;2O,7.29,7.38,7.21,7.32,7.3,7.51,7.73,7.73,7.73,7.77,7.74
Cer 64:13;4O|Cer 18:1;2O/46:12;2O,7.85,6.55,0,7.45,6.53,6.09,6.96,4.59,7.02,6.87,5.54
Cer 65:7;3O|Cer 29:1;2O/36:6;O,7.15,6.99,6.82,7.26,7.14,7.17,7.38,7.08,7.25,7.21,7.14
Cer 66:14;4O|Cer 18:1;2O/48:13;2O,7.44,6.1,4.85,6.59,5.51,6.15,5.87,4.49,5.55,5.69,4.35
Cer 67:7;3O|Cer 29:1;2O/38:6;O,6.92,6.58,6.44,7.17,6.94,6.96,7.1,6.84,7.01,6.96,6.9
Cer 72:5;4O|Cer 20:2;2O/52:3;2O,5.88,5.91,5.67,5.83,6.02,6.29,6.32,6.15,6.1,6.16,6.08
CL 62:0|CL 30:0_32:0,0,0,0,0,0,0,0,0,5.33,5.52,6.8
CL 62:1|CL 14:0_15:0_17:0_16:1,6.68,5.51,0,5.87,5.06,5.06,6.12,6.41,5.9,6.52,7.32
CL 62:1|CL 31:0_31:1,0,0,0,0,0,0,0,4.81,5.59,5.75,6.95
CL 65:2|CL 16:0_16:0_16:1_17:1,2.71,0,0,3.96,0,0,4.42,5.14,4.76,5.78,6.24
CL 65:2|CL 32:1_33:1,0,0,0,0,0,0,5.55,6.37,5.67,6.41,6.94
CL 66:3|CL 16:0_16:1_16:1_18:1,5.07,0,0,4.5,0,4.4,5.03,5.58,5.05,6.14,6.71
CL 66:3|CL 32:1_34:2,5.2,0,0,5.29,4.93,5.38,6.14,6.62,5.64,6.93,7.34
CL 66:4|CL 32:2_34:2,5.16,0,0,5.7,3.58,3.04,5.77,5.78,5.5,6.18,6.72
CL 67:3|CL 16:0_17:1_17:1_17:1,4.24,0,0,4.43,4.66,5.16,5.64,6.05,5.79,6.72,7.03
CL 67:3|CL 33:1_34:2,0,0,0,0,0,4.89,6.15,6.65,5.63,6.97,7.21
CL 67:4|CL 16:1_16:1_17:1_18:1,0,0,0,0,0,4.18,0,4.57,4.44,5.79,6.06
CL 67:4|CL 33:2_34:2,0,0,0,3.91,0,5.74,6.3,6.85,5.56,6.53,6.94
CL 68:3|CL 16:0_17:1_17:1_18:1,5.51,4.37,3.91,5.46,4.17,5.05,4.68,5.45,5.18,6.43,6.64
CL 68:4|CL 16:1_17:1_17:1_18:1,5.04,4.09,4,5.73,5.06,6.44,3.58,5.21,3.68,6.27,6.76
CL 68:4|CL 16:1_18:1_16:1_18:1,5.75,5.1,4.04,6.28,6.1,6.95,5.79,6.13,5.64,6.79,7.18
CL 68:4|CL 33:2_35:2,5.61,4.84,0,6.45,6.25,7.14,6.26,6.57,5.87,7.06,7.4
CL 69:4|CL 16:1_18:1_17:1_18:1,3.86,3.42,3.99,5.22,5.04,6.19,5.05,5.59,5.39,6.63,6.86
CL 69:4|CL 17:1_17:1_17:1_18:1,0,0,0,5,4.54,5.12,4.26,5.07,5.06,6.24,6.46
CL 69:4|CL 34:2_35:2,0,0,4.04,5.52,5.4,6.46,5.8,6.25,5.94,6.82,7.06
CL 70:4|CL 16:1_18:1_18:1_18:1,6.22,5.75,5.65,6.5,6.02,6.6,5.71,5.78,5.88,6.56,7.04
CL 70:4|CL 34:2_36:2,6.3,5.32,5.23,6.59,5.94,6.78,5.36,5.53,5.52,6.69,7.2
CL 72:0|CL 18:0_18:0_18:0_18:0,5.91,5.76,4.79,7.02,4.11,3.08,3.86,4.59,5.89,6.54,6.8
CL 72:1|CL 16:0_16:0_24:0_16:1,6.9,6.07,5.59,6.74,5.52,5.34,5.57,5.84,5.78,6.5,6.97
CL 72:3|CL 18:0_18:1_18:1_18:1,7.37,5.82,0,6.35,4.03,5.23,6.77,7.24,7.59,8.01,8.01
CL 72:4|CL 18:1_18:1_18:1_18:1,6.27,5.87,5.86,6.52,5.45,5.55,4.99,5.17,5.39,5.9,6.93
CL 72:4|CL 36:2_36:2,6.29,5.55,6.14,6.52,5.12,5.26,0,5.36,5.21,5.74,6.99
CL 74:3|CL 39:1_35:2,6.63,5.48,5.18,5.36,4.98,5.54,4.98,5.11,3.67,3.81,5.77
CL 75:2|CL 36:1_39:1,6.82,5.84,0,6.11,4.74,0,5.06,2.66,5.23,3.39,5.22
CL 76:7|CL 36:1_40:6,6.67,5.25,0,5.69,4.53,0,5.06,0,5.23,4.9,4.19
CL 78:3|CL 18:0_24:0_18:1_18:2,7,6.67,7.28,7.22,6.02,6.34,3.77,3.87,5.63,5.86,6.92
CL 79:6|CL 16:0_24:0_17:1_22:5,8.24,6.34,6.12,6.74,5.07,5.84,5.56,6.14,6.13,6.79,6.78
CL 80:3|CL 26:0_18:1_18:1_18:1,6.57,6.05,5.64,7.1,4.34,3.37,4.57,5.1,6.24,5.84,6.14
CL 82:7|CL 24:0_18:1_18:2_22:4,7.27,6.5,4.64,4.42,3.23,4.12,4.03,3.06,3.97,3.16,2.84
CoQ10,7.21,6.33,6.07,7.17,6.12,7.1,6.24,6.64,6.27,6.65,7.03
CoQ9,5.41,0,0,5.41,4.18,4.81,6.4,6.91,6.83,7.55,7.72
DG 18:0,7.1,7.05,7.1,7.11,7.16,7.31,7.09,7.05,7.19,7.38,7.21
DG 20:0,7.89,7.88,7.93,7.85,7.93,7.94,7.88,7.86,7.86,7.9,7.95
DG 22:0,7.75,7.76,7.76,7.73,7.81,7.92,7.81,7.75,7.78,7.76,7.79
DG 23:1,6.92,6.85,6.92,6.91,6.98,6.83,6.77,6.76,6.91,6.86,6.73
DG 24:1,7.26,7.34,7.21,7.05,7.3,7.46,7.29,7.19,7.22,7.08,7.35
DG 24:3,7.35,7.25,7.25,7.23,7.27,7.18,7.21,7.18,7.18,7.26,7.25
DG 25:0|DG 10:0_15:0,6.45,6.11,6.16,6.35,6.16,6.04,6.44,6.22,6.93,7.39,6.33
DG 25:1,8.55,8.35,8.51,8.46,8.51,8.4,8.4,8.42,8.37,8.49,8.5
DG 25:2,8.19,8.15,8.13,8.16,8.15,8.12,8.13,8.12,8.13,8.07,8.09
DG 25:4,7,6.85,7,6.94,7,6.91,6.91,6.94,6.89,6.96,7
DG 27:1,8.28,7.95,8.14,8.08,8.16,8.13,8.04,8.06,7.98,8.21,8.11
DG 27:4,8.66,8.49,8.66,8.59,8.66,8.49,8.51,8.57,8.52,8.6,8.64
DG 28:2,8.71,7.84,6.63,7.93,7.01,6.69,6.8,6.72,7.11,6.95,6.7
DG 29:4,7.49,7.56,7.7,7.59,7.63,7.48,7.55,7.59,7.54,7.57,7.59
DG 30:0|DG 15:0_15:0,7.91,8.34,8.35,8.19,8.34,8.34,8.33,8.3,8.44,8.3,8.36
DG 30:5,7.4,6.98,5.73,6.94,6.12,5.59,5.7,5.68,6.22,5.92,5.38
DG 30:6,8.87,8.9,8.89,8.69,8.88,8.88,8.84,8.86,8.87,8.86,8.86
DG 30:7,6.64,6.37,6.48,6.63,6.71,6.78,6.78,6.78,7.03,6.93,6.77
DG 31:7,6.53,7.08,6.84,6.82,6.35,6.88,6.91,6.85,6.81,6.91,6.84
DG 32:1|DG 16:0_16:1,8,7.96,7.9,7.97,7.93,7.99,8.06,7.81,8.63,8.41,8.54
DG 32:2,6.8,7.04,6.94,7.14,7.2,7.01,7.23,7.02,7.03,7.03,7.12
DG 32:5,6.58,6.61,6.61,6.59,6.67,6.52,6.49,6.63,6.57,6.68,6.6
DG 32:7,8.47,7.78,8.16,8.26,8.19,8.41,8.16,7.95,8.29,8.7,8.44
DG 33:9,5.02,4.54,4.48,5.74,4.83,5.84,4.65,6.04,5.68,6.7,6.86
DG 34:1|DG 16:0_18:1,8.93,8.31,8.03,8.66,8.19,8.14,8.38,8.03,9.27,8.95,8.34
DG 34:2|DG 16:1_18:1,8.58,9.1,9.21,8.96,9.15,9.17,9.08,9.14,9.14,9.05,9.16
DG 35:7,7.35,7.24,7.36,7.34,7.4,7.3,7.16,7.27,7.13,7.42,7.32
DG 35:9,3.92,4.49,3.47,6.52,6.43,8.24,4.01,4.52,4.09,4.83,4.51
DG 36:1,7.07,6.8,6.57,7.36,6.79,6.51,6.84,6.36,7.65,7.35,6.66
DG 36:1|DG 18:0_18:1,9.13,8.11,7.64,8.75,7.93,7.73,8.12,7.58,8.96,8.66,7.85
DG 36:2|DG 18:1_18:1,9,8.29,7.94,8.61,8.11,8.03,8.21,7.85,8.9,8.58,8.1
DG 36:3|DG 18:1_18:2,8.24,7.86,7.53,7.62,7.62,7.8,7.84,7.51,7.87,7.69,7.72
DG 36:4|DG 18:2_18:2,7.14,7.59,7.45,7.29,7.53,7.79,7.83,7.52,7.64,7.59,7.65
DG 37:10,6.74,6.61,6.89,6.88,6.95,7.01,6.65,6.58,6.83,7.15,6.93
DG 37:3,6.1,6.41,6.41,6.78,5.04,5.58,5.53,6.23,6.62,6.45,6.38
DG 38:2|DG 18:1_20:1,8.73,7.68,7.06,8.24,7.31,7.04,7.52,6.7,8.3,7.99,7.08
DG 38:3,7.14,6.27,6.29,7.72,5.62,5.47,6.34,6.9,7.35,7.02,6.92
DG 38:3|DG 18:1_20:2,8.69,7.55,6.85,7.7,6.98,6.8,7.03,6.38,7.21,7.16,6.75
DG 38:4|DG 18:1_20:3,8.36,7.19,6.29,6.8,5.66,5.87,5.99,4.95,6.62,6.16,5.33
DG 39:3,6.84,7.19,7.06,7.55,5.72,5.68,5.91,6.08,6.57,6.78,6.76
DG 39:4,4.73,6.5,7.22,6.55,5.3,3.93,5.21,5.58,5.58,5.95,5.8
DG 39:7,0,6.75,6.36,6.01,6.73,6.87,7.35,7.02,7.12,7.08,7.05
DG 40:0,6.2,6.11,6.12,6.12,6.09,6.07,6.37,6.01,5.99,5.92,5.98
DG 40:1,7.19,7.11,7.1,7.07,7.08,7.05,7.05,7.03,7,6.99,7.01
DG 40:10,7.04,6.89,6.96,6.94,7.1,7,6.98,7,6.87,7.06,7.09
DG 40:2|DG 18:1_22:1,7.73,6.8,6.66,7.41,6.8,6.76,6.94,6.56,7.66,7.35,6.63
DG 40:3,6.97,5.83,6.14,8.3,5.87,5.86,5.94,6.08,7.83,7.04,6.72
DG 40:3|DG 20:1_20:2,7.53,6.69,6.42,7.04,6.42,6.37,6.47,6.22,7.04,6.77,6.26
DG 40:4,6.84,5.92,6.33,7.27,4.41,5.15,5.9,6.17,6.68,6.53,6.17
DG 40:4|DG 18:0_22:4,7.7,6.61,5.32,6.08,4.78,5.32,5.64,4.96,6.31,5.87,5.09
DG 40:8,6.14,7.29,7.37,7.11,7.31,7.26,7.24,7.23,7.11,7.19,7.21
DG 40:9,6.12,5.92,6.25,6.28,6.36,6.47,6.88,7.11,6.87,7.02,6.98
DG 41:4,6.27,6.8,7.52,7.2,5.13,4.03,5.25,5.57,5.95,6.48,6.47
DG 41:8,4.7,6.14,5.8,5.99,6.18,6.39,6.9,6.39,6.61,6.55,6.51
DG 42:10,5.85,5.9,5.73,5.82,5.79,6.01,5.83,5.94,5.96,5.88,6.03
DG 42:2|DG 18:1_24:1,7.47,6.75,6.49,7.11,6.49,6.58,6.75,6.35,7.35,7.21,6.54
DG 42:3,6.62,5.8,5.74,7.48,5.89,6.1,6.32,6.45,7.08,6.63,6.63
DG 43:8,5.32,6.26,5.91,4.88,6.22,6.42,6.87,6.49,6.66,6.56,6.58
DG 44:7,7.53,7.39,7.45,7.56,7.44,7.45,7.52,7.52,7.38,7.41,7.4
DG 44:9,7.69,7.76,7.77,7.74,7.77,7.75,7.73,7.78,7.73,7.72,7.91
DG 45:5,6.78,6.75,5.96,6.3,5.8,6.4,5.88,5.81,5.93,5.83,6.18
DG 45:7,9.69,9.67,9.66,9.65,9.67,9.67,9.63,9.64,9.63,9.6,9.63
DG 45:9,9.54,9.56,9.59,9.55,9.59,9.57,9.55,9.56,9.54,9.52,9.53
DG 46:5,7.41,6.88,7.52,7.26,7.5,7.55,7.25,7.52,7.26,7.63,7.44
DG 46:7,7.89,7.85,7.82,7.83,7.81,7.79,7.78,7.75,7.75,7.7,7.75
DG 46:9,6.65,7.22,7.32,7.22,7.36,7.29,7.31,7.33,7.16,7.26,7.35
DG 47:12,6.69,6.76,6.81,6.79,6.82,6.69,6.79,6.81,6.74,6.77,6.8
DG 48:3,7.97,7.83,7.82,7.84,7.82,7.79,7.8,7.8,7.77,7.74,7.83
DG 48:8,7.66,7.89,7.94,7.98,8.08,8.06,8.08,8.07,7.91,7.96,8.02
DG 49:11,7.7,7.14,7.52,7.56,7.59,7.71,7.54,7.43,7.54,8,7.68
DG 49:12,7.75,6.38,4.99,6.95,5.67,4.9,6.77,7.31,6.75,7.07,7.01
DG 49:13,7.72,7.4,7.53,7.65,7.72,7.8,7.65,7.41,7.62,8.05,7.68
DG 50:12,8.49,7.44,5.5,7.78,6.88,0,7.23,6.97,7.56,7.08,6.81
DG 50:14,6.9,6.76,7,6.97,7.05,6.86,6.91,6.89,6.77,6.88,6.93
DG 51:8,7.48,7.67,7.71,7.64,7.71,7.68,7.59,7.65,7.47,7.46,7.6
DG 52:10,6.94,6.32,0,6.93,6.15,0,6.36,0,6.61,6.54,0
DG 52:12,7.2,6.91,6.58,7.05,6.43,6.39,6.67,6.28,6.87,6.67,6.42
DG O-34:0|DG O-18:0_16:0,7.67,6.93,6.11,7.13,6.09,5.76,6.41,5.74,6.84,7.01,6.26
DG O-34:2|DG O-16:1_18:1,6.8,6.3,6.1,7.39,6.66,6.14,7.16,6.26,8.41,8.21,7.06
DG O-34:3|DG O-18:2_16:1,6.75,6.1,5.41,6.37,5.77,5.68,6.13,5.58,7.42,7.15,5.94
DG O-36:2|DG O-16:2_20:0,6.86,6.83,6.88,6.74,6.81,6.73,6.67,6.71,6.75,6.74,6.77
DG O-40:0|DG O-24:0_16:0,7.01,6.23,5.29,6.3,5.71,5.65,5.75,5.38,6.17,6.29,5.5
DG O-40:1|DG O-19:1_21:0,7.7,6.9,5.97,7.03,6.33,5.83,6.49,5.92,7.22,7.29,6.24
DG O-40:4|DG O-26:3_14:1,7.23,7.72,7.79,7.62,7.84,7.77,7.78,7.8,7.75,7.84,7.81
DG O-42:1|DG O-24:0_18:1,7.18,6.46,5.78,6.64,6.07,5.76,6.26,5.62,7.02,7.05,6.2
DG O-42:4|DG O-22:3_20:1,7.2,6.35,0,6.83,5.71,0,5.74,0,6.26,0,0
DGDG 30:0|DGDG 15:0_15:0,5.19,0,0,0,0,0,5.83,4.46,5.7,6.55,7.26
DGDG 31:0|DGDG 15:0_16:0,0,0,0,0,0,0,0,0,6.32,6.68,7.69
DGGA 34:1|DGGA 16:0_18:1,7.38,6.54,5.79,6.93,6.03,6.03,6.47,7.13,5.72,6.7,6.89
DGGA 35:1|DGGA 16:0_19:1,4.9,5.38,5.43,5.98,4.91,5.15,6.77,7.18,5.53,6.49,6.71
DGGA 36:2|DGGA 18:1_18:1,4.91,0,0,3.09,0,0,6.87,7.32,0,6.96,7.25
DGGA 37:2|DGGA 18:1_19:1,0,6.03,6.23,6,6.16,6.14,6.69,7.22,6.2,6.65,6.97
DGGA 38:2|DGGA 19:1_19:1,6.52,6.48,5.09,6.49,6.34,4.75,6.68,6.8,6.16,6.12,6.01
DGTS 35:1|DGTS 16:0_19:1,4.97,7.09,7.24,7.08,7.51,7.51,7.69,7.99,7.24,7.68,7.36
DGTS 36:2|DGTS 18:1_18:1,4.5,8.1,5.64,7.06,5.79,5.69,6.13,6.01,5.8,5.85,5.72
DGTS 38:2|DGTS 19:1_19:1,7.43,7.54,7.46,7.71,7.67,7.73,7.98,7.98,7.91,7.96,7.82
DLCL 36:2|DLCL 18:1_18:1,6.74,5.84,3.96,6.68,5.72,4.85,5.93,4.87,5.73,6.62,6.16
FA 14:0,6.57,6.59,6.57,6.51,6.52,6.51,6.51,6.48,6.49,6.57,6.51
FA 15:0,6.63,6.75,6.54,6.58,6.61,6.69,6.63,6.62,6.64,6.55,6.61
FA 15:1,6.49,6.47,6.5,6.43,6.44,6.38,6.43,6.46,6.32,6.42,6.43
FA 15:1;2O,6.87,6.84,6.96,6.97,6.86,7.01,6.85,6.81,6.91,6.83,6.73
FA 15:4,8.73,8.5,8.66,8.66,8.66,8.3,8.44,8.41,8.1,8.24,8.15
FA 16:0,8.73,8.7,8.73,8.69,8.72,8.67,8.65,8.66,8.67,8.74,8.71
FA 16:0;2O,6.71,7.23,6.81,6.99,6.71,6.79,6.64,6.58,6.69,6.57,6.43
FA 16:1,6.9,7.21,7.04,6.85,6.93,7.03,7.05,6.89,6.91,6.95,6.97
FA 16:1;2O,6.9,7.38,7,7.05,6.9,6.91,6.92,6.82,6.88,6.79,6.75
FA 16:2;2O,7.13,7.18,7.12,7.25,7.2,7.12,7.03,7.04,7.14,7,6.89
FA 16:4,5.92,6.18,6.33,6.33,6.32,6.15,6.95,7.06,6.18,6.22,6.05
FA 17:0,6.59,6.44,6.37,6.33,6.35,6.35,6.34,6.32,6.33,6.4,6.36
FA 17:1,6.46,6.33,6.45,6.35,6.41,6.41,6.44,6.37,6.42,6.53,6.47
FA 18:0,8.93,8.88,8.91,8.87,8.9,8.82,8.85,8.86,8.85,8.93,8.9
FA 18:1,7.6,7.52,7.52,7.34,7.44,7.41,7.42,7.3,7.33,7.34,7.39
FA 18:2,6.87,6.81,6.88,6.59,6.61,6.7,6.77,6.53,6.57,6.58,6.65
FA 19:0,6.63,6.6,6.59,6.6,6.61,6.53,6.57,6.56,6.56,6.67,6.62
FA 19:1;2O,6.71,6.54,6.69,6.71,6.69,6.72,6.66,6.61,6.71,6.72,6.56
FA 19:4,7.01,6.65,6.86,6.8,6.88,6.56,6.68,6.5,6.63,6.65,6.64
FA 20:0,7.06,6.9,6.83,6.94,6.86,6.82,6.82,6.8,6.84,6.91,6.88
FA 20:1,6.93,6.7,6.56,6.68,6.55,6.43,6.5,6.35,6.41,6.42,6.39
FA 20:2,5.6,5.45,5.6,5.11,5.55,5.23,5.32,4.99,5.03,5.18,5.1
FA 20:3,6.46,6.1,6.29,6.03,6.1,6.02,5.98,5.82,6,6.03,5.95
FA 20:4,6.69,6.26,6.61,5.24,4.63,5.05,5.2,4.98,4.8,4.95,4.94
FA 21:0,7.34,7.29,7.32,7.32,7.31,7.29,7.27,7.27,7.27,7.35,7.33
FA 21:5,5.66,5.95,6.24,6.05,5.88,6.13,5.86,5.76,5.95,5.98,6
FA 22:0,6.92,6.84,6.84,6.86,6.86,6.85,6.81,6.83,6.82,6.96,6.92
FA 22:1,7.02,6.35,6.19,6.71,6.25,6.16,6.24,6.11,6.21,6.24,6.21
FA 22:5,5.98,5.48,5.49,4.45,4.58,4.2,4.47,4.15,4.38,2.58,4.27
FA 22:6,6.15,5.68,5.85,3.7,3.47,3.9,3.95,3.1,3.46,3.09,3.1
FA 23:0,6.9,6.67,6.64,6.78,6.68,6.69,6.64,6.64,6.67,6.8,6.78
FA 24:0,7.51,7.37,7.37,7.4,7.37,7.34,7.32,7.35,7.35,7.45,7.47
FA 24:1,7.1,6.94,6.96,7.02,6.98,6.96,6.94,6.97,6.98,7.07,7.09
FA 24:4,6.33,6.22,6.3,6.33,6.35,6.21,6.24,6.26,6.25,6.37,6.34
FA 25:0,7.32,7.77,7.62,7.7,7.62,7.79,7.75,7.64,7.68,7.61,7.62
FA 26:0,6.96,7.24,7.1,7.44,7.15,7.27,7.3,7.12,7.42,7.22,7.14
FA 26:1,7.07,6.46,6,7.06,6.31,5.95,6.58,5.82,6.63,6.12,5.93
FA 26:4,7.26,7.17,7.25,7.26,7.29,7.23,7.23,7.26,7.26,7.36,7.34
FA 26:5,6.06,5.95,4.8,6.67,3.62,3.86,3.76,3.63,3.62,3.68,3.66
FA 27:0,7.71,7.83,7.88,7.85,7.9,7.79,7.8,7.84,7.83,7.87,7.89
FA 27:1,6.77,6.95,6.98,7.03,7,6.91,6.98,6.94,7.02,7.02,7.01
FA 28:0,7.3,7.43,7.5,7.51,7.52,7.41,7.43,7.45,7.49,7.49,7.51
FA 28:1,6.97,7.1,7.07,7.26,7.09,7.02,7.12,7.03,7.16,7.1,7.08
FA 28:4,7.03,6.92,7,7.04,7.05,7.01,6.97,7.01,7.02,7.11,7.11
FA 28:7,8.76,8.6,8.69,8.68,8.74,8.65,8.65,8.66,8.66,8.8,8.78
FA 29:0,6.95,7.19,7.19,7.27,7.24,7.14,7.23,7.18,7.26,7.3,7.24
FA 30:0,8.09,8.25,8.27,8.27,8.29,8.21,8.23,8.26,8.25,8.31,8.29
FA 30:1,7.44,7.63,7.67,7.69,7.69,7.6,7.62,7.65,7.66,7.72,7.7
FA 31:0,7.74,7.9,7.89,7.91,7.92,7.82,7.85,7.87,7.88,7.93,7.91
FA 31:1,6.81,7.06,7.03,7.11,7.16,6.99,7.11,7,7.14,7.19,7.12
FA 32:0,7.07,7.03,7.01,7.16,7.07,6.96,7.04,7,7.18,7.17,7.07
FA 32:1,6.48,6.77,6.88,6.95,6.92,6.83,6.87,6.86,6.81,6.98,6.92
FA 33:0,7.78,7.67,7.66,7.8,7.68,7.62,7.68,7.65,7.83,7.82,7.72
FA 33:1,7.21,7.13,7.08,7.3,7.18,7.1,7.18,7.11,7.32,7.32,7.17
FA 34:0,7.45,7.36,7.31,7.45,7.33,7.25,7.32,7.28,7.49,7.49,7.36
FA 34:1,6.72,6.96,6.98,7.07,7.02,6.93,6.98,6.97,7.08,7.1,7.04
FA 34:3,5.53,6.21,5.88,5.78,5.82,5.99,5.99,5.79,5.97,5.85,5.77
FA 35:0,7.09,6.95,6.92,7.08,6.95,6.87,6.92,6.91,7.05,7.1,6.98
FA 36:1,7.16,7.04,7.07,7.17,7.09,7.03,7.06,7.05,7.15,7.2,7.12
FA 37:0,7.36,7.29,7.26,7.34,7.29,7.21,7.26,7.25,7.3,7.38,7.32
FA 37:1,6.87,6.69,6.71,6.85,6.74,6.66,6.72,6.69,6.86,6.88,6.77
FA 38:0,6.92,6.82,6.84,6.89,6.86,6.78,6.8,6.79,6.84,6.93,6.86
FA 39:0,7.64,7.57,7.59,7.64,7.6,7.53,7.56,7.57,7.59,7.67,7.63
FA 39:1,7.07,6.99,7.03,7.08,7.04,6.97,6.99,7.01,7.04,7.12,7.07
FA 40:0,7.28,7.24,7.23,7.26,7.24,7.17,7.19,7.2,7.23,7.31,7.26
FA 40:1,6.78,6.66,6.69,6.75,6.72,6.64,6.67,6.67,6.72,6.8,6.75
FA 43:0,7.21,7.2,7.17,7.21,7.19,7.14,7.12,7.14,7.16,7.26,7.21
HBMP 50:3|HBMP 16:1_16:1_18:1,0,0,0,0,3.23,3.77,0,4.43,0,5.36,6.51
HBMP 52:2|HBMP 16:0_18:1_18:1,5.82,5.27,4.64,6,5.17,4.17,5.49,4.88,5.04,6.05,6.46
HBMP 52:3|HBMP 16:1/18:1_18:1,4.32,4.86,5.21,5.92,5.62,5.6,5.62,5.74,5.01,5.93,7.51
HBMP 52:3|HBMP 16:1_18:1_18:1,5.12,3.87,4.98,5.8,4.88,5.16,5.07,4.2,4.72,5.78,7.08
HBMP 54:3|HBMP 18:1_18:1_18:1,5.83,5.52,5.11,6.34,5.37,4.57,5.61,4.24,5.42,6.19,7.31
HexCer 31:2;4O|HexCer 17:2;3O/14:0;(2OH),8.27,8.18,8.27,8.25,8.34,8.26,8.26,8.29,8.33,8.44,8.45
HexCer 32:1;2O|HexCer 18:1;2O/14:0,7.11,6.67,6.47,6.79,6.83,6.87,7.33,7.47,7.38,7.46,7.49
HexCer 32:1;3O|HexCer 18:1;2O/14:0;O,8.16,7.02,5.26,7.05,6.08,6.2,6.46,5.65,6.73,6.61,5.26
HexCer 34:1;2O|HexCer 18:1;2O/16:0,9.1,8.17,5.69,8.54,7.6,5.74,7.99,6.13,8.27,8.23,6.73
HexCer 34:1;3O|HexCer 18:1;2O/16:0;O,9.11,8.19,5.77,8.21,7.3,5.93,7.66,6.07,7.95,7.97,6.55
HexCer 34:2;2O|HexCer 18:2;2O/16:0,7.9,6.71,5.54,7.06,5.93,5.48,6.66,6.14,6.81,6.76,6.08
HexCer 34:2;3O|HexCer 18:2;2O/16:0;O,8.07,6.95,5.45,6.93,6.14,6.92,6.51,6.11,6.69,6.65,5.81
HexCer 36:1;2O|HexCer 18:1;2O/18:0,7.22,7.8,7.74,7.62,7.85,7.84,7.79,7.81,7.78,8,7.78
HexCer 39:2;3O|HexCer 18:1;2O/21:1;O,6.78,6.32,6.34,6.28,6.35,6.73,7.06,7.49,7.34,7.43,7.46
HexCer 40:1;2O|HexCer 18:1;2O/22:0,7.42,7.52,7.44,7.7,7.64,7.68,8.03,8.1,8.03,8.09,8.01
HexCer 40:1;3O|HexCer 18:1;2O/22:0;O,9.11,8.19,6.17,8.36,7.4,5.91,7.73,6.31,7.93,7.96,6.67
HexCer 40:2;2O|HexCer 18:1;2O/22:1,6.19,6.43,6.91,6.89,6.95,7.02,6.84,6.84,6.93,7.26,6.8
HexCer 41:1;2O|HexCer 18:1;2O/23:0,7.72,7.34,6.59,7.51,6.9,6.21,7.15,6.13,7.36,7.46,6.58
HexCer 41:1;3O|HexCer 18:1;2O/23:0;O,7.63,7.21,6.23,7.29,6.95,6.25,6.93,6.33,7.16,7.12,6.5
HexCer 41:2;3O|HexCer 18:1;2O/23:1;O,7.45,6.25,5.23,7.15,6.31,6.76,7.36,7.78,7.75,8.41,8.56
HexCer 42:0;4O|HexCer 18:0;3O/24:0;(2OH),7.87,6.91,5.72,7.03,6.15,6.27,6.58,6.1,6.7,6.95,6.37
HexCer 42:1;2O|HexCer 18:1;2O/24:0,8.64,7.85,6.89,8.35,7.55,6.92,7.85,6.98,8.06,8.09,7.23
HexCer 42:1;3O|HexCer 18:1;2O/24:0;O,9.64,8.67,6.81,9.09,8.18,6.58,8.52,6.87,8.72,8.75,7.67
HexCer 42:2;2O|HexCer 18:1;2O/24:1,8.29,7.47,6.6,8,7.16,6.83,7.51,6.84,7.67,7.73,6.79
HexCer 42:2;3O|HexCer 18:1;2O/24:1;O,9.15,8.18,6.6,8.55,7.62,6.15,7.98,6.47,8.21,8.23,7.02
HexCer 42:3;3O|HexCer 18:2;2O/24:1;O,8.17,7.44,5.02,7.2,6.33,5.18,6.7,5.32,6.81,6.89,5.37
HexCer 44:1;3O|HexCer 18:1;2O/26:0;O,9.57,8.49,6.86,8.61,7.7,6.26,7.78,6.42,7.72,7.88,6.54
HexCer 44:2;3O|HexCer 18:1;2O/26:1;O,9.21,8.16,6.86,7.9,6.49,6.04,7,6.25,7.2,7.34,6.27
LDGCC 10:0,7.83,7.52,7.9,7.94,7.95,7.95,7.87,7.91,7.98,8.07,8.06
LDGTS 17:4,7.11,7.06,7.05,7.01,6.99,6.95,6.93,6.98,6.88,6.94,6.9
LPA 26:3,7.87,7.87,7.86,7.86,7.88,7.85,7.83,7.82,7.71,7.75,7.82
LPC 10:0/0:0,8.06,8.11,8.03,8.12,8.04,8.11,8.06,8.04,8.03,8.05,7.94
LPC 14:0/0:0,8.17,8.04,8.03,8.09,8.02,8.02,8,8.07,8.04,8.01,7.98
LPC 15:0,7.71,7.63,7.65,7.64,7.66,7.63,7.59,7.57,7.61,7.6,7.6
LPC 15:0/0:0,8.59,8.59,8.53,8.53,8.53,8.5,8.47,8.47,8.48,8.45,8.48
LPC 15:1/0:0,8.13,6.93,6.03,7.67,6.7,6.06,7.29,6.37,7.34,6.98,6.56
LPC 16:0,8.19,7.14,6.3,7.45,6.29,6.25,6.51,5.92,6.87,6.47,6.11
LPC 16:0/0:0,9.38,7.85,6.87,8.67,7.17,7.03,7.54,6.83,8.01,7.31,6.95
LPC 16:1/0:0,7.48,5.94,4.3,6.87,5.01,4.59,5.95,4.46,6.04,5.11,5.28
LPC 18:0,8.14,7.96,7.95,8.02,7.94,7.93,7.92,7.91,7.89,7.85,7.88
LPC 18:0/0:0,8.98,7.54,6.16,8.44,6.75,6.27,7.09,6.07,7.6,6.84,6.12
LPC 18:1,8.43,7.74,6.85,7.91,6.4,5.04,6.84,5.5,6.91,6.72,6.95
LPC 18:1/0:0,8.74,7.45,6.14,7.99,5.94,6.34,6.9,5.83,7.17,6.28,5.79
LPC 18:2,7.66,7.21,5.43,5.67,5.12,5.33,5.34,5.28,5.22,5.43,5.36
LPC 18:2/0:0,7.76,6.55,6.36,6.4,6.35,6.57,6.55,6.11,6.39,6.55,6.65
LPC 18:3/0:0,7.25,7.53,7.58,7.55,7.35,7.64,7.62,7.63,7.56,7.68,7.62
LPC 19:1,6.93,5.33,0,6.62,4.76,4.45,4.61,5.19,6.45,5.45,5.89
LPC 20:0,7.31,6.04,2.83,6.58,0,2.77,4.55,2.66,5.7,0,2.8
LPC 20:0/0:0,8.17,6.87,5.91,7.46,5.94,5.84,6.29,5.71,6.68,6.16,5.76
LPC 20:1/0:0,8.33,7.05,5.54,7.43,5.81,4.46,6.2,4.53,6.61,5.82,4.54
LPC 20:2/0:0,7.47,6.61,6.62,6.71,6.69,6.55,6.57,6.58,6.65,6.75,6.71
LPC 21:5,6.83,6.63,6.93,6.96,6.89,6.78,6.72,6.75,6.6,6.61,6.35
LPC 22:0/0:0,7.98,6.73,6.85,7.33,6.74,6.73,6.54,6.49,6.97,6.79,6.45
LPC 22:1,7.22,6.13,5.4,6.12,5.18,4.86,4.87,4.7,4.9,4.63,4.25
LPC 22:1/0:0,8.14,7.02,4.16,7.12,4.61,5.07,5.65,4.3,6.25,5.1,4.66
LPC 22:2/0:0,7.08,6.83,6.59,6.74,6.62,6.6,6.85,7.02,6.76,6.68,6.63
LPC 23:1/0:0,7.89,6.7,5.02,6.99,6.05,4.39,6.17,4.98,6.51,6.15,4.3
LPC 24:0/0:0,8.7,7.44,5.27,8.19,7.11,5.37,7.59,4.97,7.77,7.17,5.29
LPC 24:1,7.56,6.61,6.5,7.04,6.63,6.52,6.65,6.47,6.79,6.59,6.58
LPC 24:1/0:0,8.52,7.32,5.41,7.86,6.64,3.73,7.11,4.31,7.42,6.06,4.86
LPC 24:2,6.88,6.26,5.56,5.87,5.34,5.74,5.88,5.65,5.68,6.09,5.88
LPC 25:1/0:0,7.36,6.26,4.6,6.71,5.48,5.24,6.3,5.39,6.46,5.43,5.63
LPC 26:0,7.27,5.87,0,6.89,5.75,3.74,6.23,0,6.32,6.07,0
LPC 26:0/0:0,8.3,7.43,4.94,8.16,7.24,3.11,7.7,0,7.77,7.56,6.04
LPC 26:1,7.6,7.78,7.93,7.99,7.99,7.89,7.89,7.85,7.8,7.88,7.92
LPC 26:1/0:0,8.76,7.56,6,8.24,7.23,5.12,7.69,5.59,7.83,7.29,5.87
LPC 26:2/0:0,7.8,6.63,5.42,6.65,5.38,4.56,5.59,4.29,5.86,4.74,4.7
LPC 27:1/0:0,7.15,5.81,5.41,6.65,5.67,5.15,6.47,5.88,6.55,6.29,5.86
LPC 28:0,8.62,7.46,3.8,7.61,6.48,3.53,6.87,3.66,7.06,6.91,4.47
LPC 28:1/0:0,7.73,6.61,0,7.23,6.07,0,6.67,0,6.82,6.67,0
LPC 28:7,7.55,7.62,7.56,7.54,7.53,7.55,7.49,7.57,7.44,7.47,7.38
LPC O-16:0,9.23,7.98,7.53,8.27,0,3.28,7.82,4.51,7.64,6.27,4.81
LPC O-16:1,8.28,6.84,6.47,7.48,0,0,5.98,0,6.26,0,0
LPC O-18:0,8.96,7.66,6.82,7.71,6,5.48,7.21,5.75,7.1,5.93,5.25
LPC O-18:1,8.4,7.27,6.89,7.05,5.28,4.84,5.82,4.19,6.32,4.66,4.61
LPC O-20:0,8.36,6.99,5.9,6.84,5.99,5.96,6.49,5.91,6.15,6.04,5.97
LPC O-21:3,7.19,7.28,7.24,7.33,7.17,7.17,7.44,7.44,7.34,7.52,7.54
LPC O-22:0,8.47,7.19,5.74,7.43,5.74,5.9,6.96,6.01,7.06,5.85,5.78
LPC O-22:1,8.16,6.92,5.68,6.84,5.08,5.26,6.41,5.22,6.25,5.28,5.38
LPC O-23:0,7.62,6.19,4.24,6.65,4.22,4.49,5.89,4.57,6.14,4.88,4.73
LPC O-24:0,8.91,7.77,6.37,8.37,7.34,5.34,7.9,5.7,8.01,7.66,6.14
LPC O-24:1,9.02,7.78,6.72,8.08,6.99,5.77,7.69,5.69,7.69,6.95,5.61
LPC O-24:2,7.78,6.56,6.15,6.45,6.19,6.12,6.27,6.32,6.36,6.42,6.38
LPC O-26:1,8.4,7.2,5.97,7.85,6.88,5.13,7.42,5.73,7.46,7.19,5.93
LPC O-26:2,7.48,6.79,5.79,6.27,5.82,5.83,6.22,6,6.33,6.21,6.1
LPE 15:0,8.69,8.68,8.66,8.66,8.67,8.64,8.63,8.63,8.63,8.6,8.62
LPE 16:0,7.42,6.3,6.16,6.74,6.07,6.09,6.3,6.14,6.4,6.45,6.41
LPE 16:1,7.74,7.16,5.68,7.45,6.54,5.61,6.91,6,6.96,6.58,6.68
LPE 17:1,5.25,5.33,5.15,5.25,5.63,5.66,5.6,5.8,5.76,6.31,6.17
LPE 18:0,8.51,6.98,6.69,7.59,6.53,6.28,6.87,6.31,7.07,6.49,6.16
LPE 18:1,8.74,8.1,0,8.26,7.13,5.66,7.79,5.64,7.81,7.21,6.23
LPE 18:2,7.5,6.92,6.86,7.01,6.93,6.88,6.93,6.88,6.93,6.85,6.87
LPE 20:0,7.66,6.17,5.34,6.55,5.23,5.3,5.47,5.35,5.97,5.39,5.2
LPE 20:1,7.16,6.46,4.32,6.17,4.22,4.68,5.59,4.42,5.37,4.3,4.7
LPE 20:3,7.96,7.3,5.87,6.11,5.76,5.58,5.82,5.73,5.68,5.72,5.57
LPE 20:4,8.17,7.54,6.03,6.35,6.24,6.02,6.02,6.02,6.23,6.08,6.08
LPE 22:0,8.09,6.87,5.75,7.15,6.1,5.6,6.27,5.56,6.76,6.1,5.56
LPE 22:1,7.29,5.77,4.28,5.82,3.89,3.69,4.01,3.91,4.75,3.82,4.16
LPE 22:4,7.19,6.48,0,4.5,4.59,0,0,0,0,2.92,2.84
LPE 22:5,7.81,7.21,5.18,5.79,5.37,5.17,4.85,5.32,5.22,5.17,5.27
LPE 22:6,7.18,6.55,4.94,4.95,4.81,4.93,4.61,4.91,4.55,4.84,4.94
LPE 23:0,6.96,5.74,0,6.02,4.5,0,5.4,0,5.54,4.66,0
LPE 24:0,8.58,7.41,0,7.64,6.51,0,6.91,0,7.23,6.78,5.06
LPE 24:1,8.2,7.05,6,7.32,6.45,5.91,6.61,6.26,6.95,6.45,5.9
LPE 25:1,6.51,5.22,3.7,5.53,3.95,2.64,4.74,0,4.81,4.21,3.56
LPE 26:1,7.65,6.5,3.37,6.74,5.6,3.52,6.03,2.66,6.28,5.83,2.92
LPE O-18:1,8.84,7.05,5.05,7.92,6.19,5.17,7.19,5.3,7.4,6.03,5.14
LPE O-18:2,7.83,5.41,4.64,7.23,5.42,4.98,6.23,4.86,6.58,4.75,4.94
LPE O-20:1,8.11,6.48,5.83,7.39,5.79,6,6.82,6.42,6.77,6.3,6.53
LPE O-22:1,7.85,6.19,4.01,7.54,6.38,3.81,6.95,3.62,7.06,6.51,3.11
LPE O-22:2,7.91,6.62,4.99,7.49,6.33,4.97,6.99,4.89,7.1,5.88,5.1
LPE O-24:1,7.45,6.03,3.17,7.39,6.26,2.52,6.86,1.9,6.93,6.67,3.38
LPE O-24:2,8.44,7.1,5.93,8.19,7.22,5.55,7.65,5.1,7.79,7.22,5.69
LPE O-26:2,7.17,6.15,5.78,7.19,6.42,5.96,6.78,6.03,6.86,6.68,6.08
LPG 15:0,6.59,6.77,6.67,6.61,6.57,6.55,6.55,6.48,6.37,6.5,6.45
LPG O-14:0,7.15,7.46,7.62,7.44,7.31,7.51,7.45,7.28,7.37,7.5,7.47
LPS 15:0,6.65,6.78,6.79,6.75,6.76,6.69,6.63,6.59,6.42,6.53,6.56
LPS 22:0,7.54,6.17,4.76,6.97,5.75,4.44,6.2,4.05,6.56,5.94,4.39
MG 17:4,7.28,7.16,7.27,7.23,7.33,7.13,7.18,7.13,7.26,7.22,7.1
MG 32:4,7.81,8.09,8.15,8.04,8.08,8.08,8.05,8.07,8.05,8.03,8.08
MG 34:1,8.2,7.59,7.08,7.87,7.24,6.69,7.48,6.88,8.39,8.55,7.48
MG 34:2,7.79,7.23,6.94,6.85,6.67,6.8,6.63,6.73,7.16,7.26,6.72
MG 36:0,7.47,6.84,5.81,6.74,6.1,5.87,6.05,5.71,6.48,6.53,6.01
MG 36:1,7.9,7.17,6.78,7.38,6.84,6.6,6.99,6.65,7.84,7.93,7.01
MG 36:2,7.85,7.29,7.04,7.27,6.99,6.65,7.09,6.66,7.78,7.84,7.08
MGDG 34:1|MGDG 16:0_18:1,8.57,8.02,6.49,8.26,7.09,6.49,7.66,7.46,7.74,7.42,7.33
MGDG 34:2|MGDG 16:1_18:1,7.13,7.45,7.5,8.39,6.92,7.31,6.54,6.71,7.18,7.2,7.94
MGDG 35:1|MGDG 16:0_19:1,10.03,9.26,7.52,9.62,8.7,7.39,8.86,7.67,8.86,8.47,7.45
MGDG 35:2|MGDG 17:1_18:1,6.2,5.49,4.76,4.96,4.53,5.31,6.56,7.35,5.62,7.08,7
MGDG 36:2|MGDG 18:1_18:1,8.5,8.06,7.52,9.02,7.23,6.64,7.84,8.22,8.2,8.39,8.64
MGDG 37:2|MGDG 18:1_19:1,9.35,8.69,7.27,8.88,7.95,6.9,8.01,7.17,7.8,7.73,7.03
MGDG 38:2|MGDG 19:1_19:1,6.39,5.47,5.26,5.94,4.88,5.75,6.08,7.05,5.59,5.46,5.83
MGDG 44:11|MGDG 22:5_22:6,5.14,5.76,5.75,5.82,5.89,5.89,6.06,6.07,6.37,7.04,7.95
MGDG O-32:0|MGDG O-16:0_16:0,9.39,8.33,6.5,8.21,7.17,4.53,7.53,4.65,7.79,7.8,5.63
MGDG O-34:0|MGDG O-18:0_16:0,7.6,6.59,4.58,5.85,4.79,3.82,5.03,3.95,5.38,5.34,4.61
NAE 10:0,7.14,7.17,7.17,7.26,7.11,7.01,7.15,7.16,7.17,7.26,6.81
NAE 12:0,7.73,7.85,7.94,7.72,7.61,7.96,7.95,7.88,7.91,7.91,7.89
NAE 14:0,7.78,7.93,7.99,7.9,7.82,7.98,7.96,7.94,7.88,7.98,7.93
NAE 16:0,8.2,8.17,8.06,8.11,8.02,8.5,8.06,8.04,7.97,8.05,8.05
NAE 17:0,7.32,7.28,7.24,7.26,7.27,7.21,7.21,7.22,7.18,7.21,7.21
NAE 18:0,7.75,7.64,7.57,7.62,7.57,7.95,7.56,7.54,7.51,7.57,7.55
NAE 18:1,7.52,7.51,7.6,7.57,7.37,7.6,7.61,7.52,7.51,7.59,7.53
NAE 18:3,6.24,6.18,5.86,5.88,5.75,6.35,5.75,5.92,5.2,6,6.04
NAE 18:4,6.1,6.39,5.99,6.14,5.94,5.88,6.16,6.37,6.38,6.34,6.33
NAE 20:1,7.77,7.93,7.98,7.77,7.77,7.77,7.88,7.96,7.85,7.79,7.48
NAE 20:2,7.64,8.07,7.92,7.5,7.64,7.78,7.83,7.86,7.72,7.53,7.36
NAE 21:0,7.56,7.41,7.41,7.43,7.44,7.37,7.36,7.36,7.38,7.42,7.4
NAE 21:3,6.98,6.85,6.86,6.86,6.86,6.81,6.81,6.82,6.74,6.83,6.83
NAE 25:0,6.87,6.92,7.06,7.05,7.07,7.05,7.06,7.04,6.93,7.01,7.03
NAE 25:1,7.07,7.01,7.09,6.95,7.08,7.05,6.99,7.03,7.03,7.08,7.1
NAE 26:7,6.88,6.85,6.85,6.9,6.84,6.81,6.88,6.81,6.99,6.83,6.81
NAE 28:2,5.86,6.87,6.69,6.63,6.9,7,6.82,6.89,6.82,6.9,6.85
NAE 28:7,7.11,7.3,7.51,7.4,7.38,7.49,7.73,7.23,7.47,7.47,7.42
NAE 9:0,8.43,8.4,8.39,8.4,8.52,8.71,9.06,9.3,8.61,9.02,9.07
NAGly 11:0,6.93,6.86,6.72,6.8,6.74,6.84,6.72,6.75,6.75,6.79,6.8
NAGly 13:0,6.01,6.09,6.15,6.34,6.16,5.98,6.34,6.29,6.34,6.63,5.84
NAGly 16:0,5.84,5.93,5.68,5.9,5.68,6.1,5.94,5.7,5.92,5.82,5.69
NAGly 16:0;O,5.62,5.88,6.07,6.16,6.22,6.32,6.07,6.29,5.63,6.08,6.15
NAGly 20:3;O,7.11,6.99,7.04,7.06,7.07,7.01,7.06,6.96,6.97,7.11,7.16
NAGly 9:0,6.3,6.21,6.44,6.55,6.51,6.17,6.61,6.71,6.7,6.9,5.93
NAGlySer 16:3;O,6.17,6.02,6.21,6.19,6.23,6.13,6.15,6.17,6.17,6.29,6.27
NAGlySer 19:2;O,6.43,6.62,6.79,6.63,6.54,6.73,6.62,6.52,6.59,6.73,6.68
NAOrn 30:1;2O|NAOrn 14:0;O(FA 16:0),3.65,5.12,4.88,5.88,4.99,4.78,6.74,7.29,5.15,6.13,6.15
NAOrn 34:2;2O|NAOrn 16:0;O(FA 18:1),0,6.99,6.43,6.76,6.11,0,6.62,7.02,6,6.12,7.23
NAOrn 37:2;2O|NAOrn 18:0;O(FA 19:1),5.84,6.7,4.53,6.85,4.89,4.27,6.87,7.32,5.27,6.19,6.39
PC 15:0,7.57,7.23,7.24,7.43,7.27,7.22,7.23,7.27,7.26,7.35,7.22
PC 17:0,8.13,6.67,0,7.38,6.34,5.37,6.44,0,7.03,7.09,6.06
PC 19:1,8.42,6.98,4.67,7.9,6.89,4.74,7,5.64,7.32,7.44,6.31
PC 21:1,7.16,6.32,4.68,6.27,5.07,4.34,5.06,5.03,5.78,5.99,4.86
PC 21:4,7.34,6.13,5.04,5.35,0,0,4.32,4.6,4.94,4.8,4.57
PC 24:1;O|PC 10:0_14:1;O,6.93,6.74,6.87,6.79,6.85,7.07,6.93,6.86,6.79,7.33,6.92
PC 25:0,8.27,7.25,6.12,7.74,6.86,5.67,6.9,5.26,7.01,7.46,5.55
PC 25:1,6.79,6.53,6.59,6.6,6.63,6.54,6.57,6.58,6.62,6.7,6.65
PC 27:0,7.03,6.04,6.02,6.42,6.15,6.07,6.49,6.64,6.52,6.66,6.53
PC 27:1,7.44,6.46,5.35,6.62,5.35,0,5.72,4.81,5.7,6.32,4.42
PC 28:0,7.46,6.68,6.56,6.99,6.66,6.62,6.65,6.54,6.65,6.7,6.77
PC 28:0|PC 14:0_14:0,9.31,8.01,5.01,8.49,7.34,5.23,7.7,6.2,7.9,7.65,5.93
PC 28:1,7.41,6.14,4.4,6.22,5.16,4.69,5.07,4.25,5.48,5.34,5.42
PC 29:0,8.48,7.2,4.46,7.73,6.61,4.21,6.99,5.09,7.24,7.07,5.62
PC 30:0|PC 14:0_16:0,9.73,8.84,6.88,9.06,8.17,6.74,8.48,7.17,8.6,8.34,7.19
PC 30:1,9.19,7.93,6.29,8.41,7.31,6.38,7.54,6.69,7.65,7.49,6.35
PC 30:2,7.38,5.85,5.35,5.84,5.83,5.66,5.69,5.82,5.52,5.72,5.62
PC 31:0,8.44,7.41,0,7.89,6.84,0,7.22,5.91,7.48,7.28,5.87
PC 31:1,8.37,7.32,6.17,7.84,6.91,6.67,7.26,6.69,7.32,7.39,7.08
PC 31:6,6.37,6.87,7.11,6.96,6.81,7.08,6.91,6.88,6.92,7.1,7.03
PC 32:0|PC 16:0_16:0,9.65,8.91,6.52,9.03,8.15,6.22,8.46,6.79,8.67,8.34,7.38
PC 32:1,9.85,8.99,7.39,9.42,8.57,7.58,8.7,7.72,8.76,8.69,7.88
PC 32:2,6.96,6.37,7.11,7.98,5.63,6.05,5.78,4.76,6.73,6.32,7.91
PC 32:2|PC 16:1_16:1,9.11,7.97,6.65,8.14,7.17,6.88,7.21,6.76,7.23,7.28,7.25
PC 32:3,7.2,5.71,4.94,5.28,5.09,5.14,5.44,5.26,5.55,5.33,4.93
PC 33:1,8.8,7.71,0,8.21,7.18,0,7.39,5.49,7.6,7.62,6.4
PC 34:0,9.2,8.35,6.33,8.57,7.63,6.28,7.95,6.4,8.12,7.76,6.9
PC 34:1,7.51,7.53,5.57,7.66,7.2,5.4,7.21,5.12,7.18,6.91,5.34
PC 34:1|PC 16:0_18:1,10.48,9.81,8.23,10.1,9.28,8.14,9.41,8.28,9.45,9.16,8.26
PC 34:2,9.64,8.97,8.52,9.05,8.77,9.08,8.62,8.51,8.61,8.61,8.66
PC 34:2|PC 16:1_18:1,8.64,7.81,6.31,7.8,7.23,7.73,6.9,6.05,6.85,6.96,6.94
PC 34:3,8.88,7.65,6.53,7.13,6.27,6.26,6.4,6.25,6.38,6.35,6.23
PC 34:4|PC 15:0_19:4,8.33,8.35,8.38,8.36,8.38,8.34,8.35,8.36,8.34,8.32,8.35
PC 35:1,8.91,8.15,6.57,8.48,7.46,6.54,7.62,7.15,7.85,7.56,6.97
PC 35:2,7.77,6.88,6.45,7.81,6.45,6.52,7.02,7.35,7.76,7.74,8.25
PC 35:3,8.31,7.51,6.26,7.85,6.05,5.26,6.37,5.92,7.43,6.89,6.54
PC 36:1,7.17,7.36,5.7,7.37,6.95,5.47,6.98,2.72,6.9,6.55,3.74
PC 36:2,7.9,8.04,7.99,8.01,8.03,7.98,7.97,8.02,7.89,7.91,7.98
PC 36:2|PC 18:1_18:1,9.91,9.33,8.41,9.5,8.68,8.5,8.63,8.13,8.59,8.55,8.93
PC 36:3,9.18,8.5,7.76,8.44,7.01,6.14,7.05,5.97,7.33,7.54,7.38
PC 36:4,8.68,7.62,7,6.92,5.85,6.18,6.03,6.17,6.28,6.1,7.07
PC 37:1,8.18,7.13,0,7.41,6.2,0,6.26,5.68,6.58,6.31,5.14
PC 37:3,6.83,7.08,6.77,8.32,5.74,4.16,6.19,7,7.86,7.49,7.13
PC 38:1,9.03,8,6.1,8.33,7.31,5.57,7.53,6.25,7.57,7.21,6.18
PC 38:3,8.93,8.33,6.98,8.04,6.99,6.09,7.1,6.21,6.99,7,6.71
PC 38:4,7.64,7.35,5.4,6.35,5.47,5.64,5.38,5.45,5.83,5.73,5.35
PC 38:5,8.36,7.63,6.27,6.39,0,0,3.98,0,4.15,3.72,3.24
PC 38:6,8.01,6.99,5.63,6.03,4.66,5.26,5.43,4.02,4.87,5.62,3.71
PC 38:6|PC 16:0_22:6,8.13,6.77,5.82,6.94,6.22,6.26,6.26,5.85,6.2,6.71,6.12
PC 40:0,8.43,7.2,3.92,7.56,6.49,4.28,6.78,4.05,6.88,6.37,5.37
PC 40:1,8.86,7.74,5.74,8.05,7.06,5.71,7.25,6.14,7.25,6.9,6.39
PC 40:2,8.92,7.93,6.52,8.06,7.21,6.12,7.3,5.93,7.24,6.91,5.8
PC 40:3,6.44,6.91,6.97,7.03,7.07,7.21,7.41,7.59,7.43,7.57,7.5
PC 40:4,7.88,7.31,5.49,6.25,5.42,4.8,5.49,4.55,5.29,5.31,5.4
PC 41:2,7.58,6.71,5.19,6.91,6.1,5.52,6.24,5.95,5.69,6.11,5.75
PC 42:0,8.46,7.18,3.98,7.43,6.32,4.14,6.6,3.42,6.69,6.2,4.09
PC 42:1,9.16,8,6.37,8.22,7.32,6.07,7.44,6.36,7.4,7,6.22
PC 42:2,9.14,8.05,6.72,8.22,7.35,6.16,7.45,6.29,7.38,7.16,6.23
PC 42:3,8.39,7.41,5.49,6.93,5.49,0,5.6,5.53,5.66,5.5,4.76
PC 43:2,7.81,7,5.96,7.16,6.66,6.42,6.71,6.45,6.6,6.59,6.12
PC 44:0,8.41,7.11,3.45,7.26,5.97,3.95,6.03,3.81,6,5.34,0
PC 44:1,9.08,7.86,6.23,7.96,7.07,6.36,7.18,6.1,7.03,6.8,6.15
PC 44:2,9.15,8.02,6.25,8.13,7.27,6.05,7.26,6.34,7.3,6.84,6.32
PC 44:3,8.6,7.53,5.58,7.14,6.12,4.34,6.11,4.82,5.57,5.93,5.07
PC 44:4,7.73,6.61,4.49,6.6,0,0,5.78,0,0,5.4,0
PC 45:4,6.33,5.68,6.04,6.03,6.14,5.8,5.5,5.7,5.94,5.85,5.96
PC 46:1,8.11,6.98,6.3,6.96,6.43,6.32,6.58,6.51,6.55,6.39,6.41
PC 46:2,8.38,7.31,5.86,7.31,6.4,5.83,6.63,6.12,6.15,6.36,6.55
PC 46:3,7.97,6.92,5.05,6.66,5.77,4.96,5.86,5.6,5.64,6.14,5.98
PC 46:5,7.36,6.21,3.45,6.02,3.43,5.07,0,3.36,0,5.29,0
PC 47:2,7.91,6.76,5.65,7.74,6.84,5.77,7.36,6.43,7.38,7.24,6.46
PC 49:2,7.79,6.75,5.02,7.4,6.61,5.56,7.06,5.57,7.07,6.93,5.71
PC 51:2,7.31,6.26,5.12,6.77,5.69,5.47,6.3,5.31,6.41,6.12,5.56
PC O-23:2,7.1,7.23,7.21,7.28,7.11,7.11,7.44,7.45,7.32,7.52,7.55
PC O-29:0,7.62,6.29,0,6.19,3.02,0,5.06,0,5.75,5.29,0
PC O-29:2,4,6.03,5.43,5.14,5.7,6.12,6.73,7.37,7.11,7.29,7.32
PC O-30:0,9.64,8.54,6.51,8.7,7.63,0,8.01,5.86,8.24,8.11,6.59
PC O-30:1,8.33,7.29,0,7.69,6.33,0,7.16,4.62,7.22,6.98,4.79
PC O-30:7,6.24,6.67,6.65,6.64,6.51,6.6,6.66,6.6,6.55,6.65,6.57
PC O-31:0,8.55,7.67,4.46,7.82,6.44,5.24,7.07,5.04,7.36,7.43,5.42
PC O-32:0,9.89,9.15,7.21,9.11,8.15,6.72,8.56,6.94,8.73,8.6,7.3
PC O-32:1,9.69,8.71,7.42,9.2,8.26,6.98,8.47,7.3,8.58,8.6,7.05
PC O-33:3,7.15,6.61,6.45,6.54,6.51,7.74,6.36,6.22,6.26,6.36,6.7
PC O-33:5,7.48,7.27,5.77,7.59,7.35,5.86,7.42,6.18,7.43,7.05,5.97
PC O-34:0,9.68,8.56,6.13,8.33,6.8,6.28,7.42,6.17,7.71,7.65,6.21
PC O-34:1,10.22,9.55,8.09,9.79,8.9,7.68,9.13,7.88,9.15,9.13,7.85
PC O-34:2,9,8.2,7.15,8.8,7.83,7.04,8.12,6.84,8.2,8.08,6.98
PC O-35:0,8.33,7.28,6.18,6.69,6.32,6.56,6.82,6.62,6.59,6.54,6.7
PC O-35:1,8.81,7.92,6.42,7.9,6.91,5.9,7.2,6.14,7.03,7.24,6.12
PC O-35:3,7.24,6.47,6.29,5.95,6.47,6.73,7.28,7.69,7.52,7.66,7.69
PC O-35:5,7.9,7.86,7.96,7.92,7.98,7.89,7.87,7.88,7.88,7.98,7.98
PC O-36:0,9.12,7.91,5.94,7.67,6.45,5.3,6.8,5.26,6.95,7.02,5.7
PC O-36:1,9.86,8.88,7.42,9.06,8.06,6.85,8.27,7.08,8.26,8.3,7.11
PC O-36:2,9.56,8.98,7.64,8.83,7.9,6.94,8.09,7.01,7.94,8.09,6.85
PC O-36:4,7.32,7.69,6.34,7.53,7.14,5.48,7.26,5.51,7.2,7.27,5.73
PC O-36:5,7.84,6.44,6.05,6.7,6.59,6.99,6.43,5.47,6.54,6.99,5.94
PC O-37:2,8.45,8.13,8.28,8.29,8.32,8.45,8.37,8.31,8.33,8.78,8.43
PC O-38:0,8.93,7.71,6.17,7.61,6.56,6.07,6.86,5.9,6.97,6.96,6.02
PC O-38:1,9.19,8.08,6.05,8,7.13,5.31,7.26,5.8,7.1,7.28,5.97
PC O-38:4,8.55,7.87,5.67,6.4,5.71,5.52,5.36,5.9,5.36,5.18,5.47
PC O-38:5,8.48,7.28,5.71,7.71,6.89,5.94,7.2,5.43,7.14,7.67,5.94
PC O-39:3,7.12,6.49,6.35,6.34,6.43,6.52,6.94,7.49,7.15,7.31,7.46
PC O-40:0,9.12,7.86,6.22,7.84,6.84,6.17,7.12,5.77,7.22,7.23,6.06
PC O-40:6,7.83,6.67,5.47,6.78,5.8,3.52,6.46,5.74,6.24,6.83,5.91
PC O-42:1,9.26,8.17,6.83,8.32,7.74,6.82,7.72,6.93,7.66,7.85,6.91
PC O-42:4,8.16,7.15,4.09,6.29,3.15,3.53,4.98,4.43,5.19,5.39,0
PC O-42:6,7.02,7.13,0,7.21,6.97,0,7.13,4.87,7.25,7.34,6.33
PC O-43:3,7.81,7.91,7.75,7.85,7.86,7.96,8.09,8.09,8.06,8.1,8.06
PC O-43:4,7.2,7.3,7.11,7.25,7.22,7.33,7.48,7.47,7.48,7.51,7.45
PC O-44:1,8.21,7.54,7.09,7.58,7.23,7.02,7.34,7.38,7.36,7.52,7.32
PC O-44:3,7.94,8.13,8.16,8.14,8.23,8.22,8.21,8.28,8.13,8.28,8.13
PC O-44:4,8.46,7.28,4.45,6.13,4.64,4.54,4.34,4.52,4.14,4.48,4.43
PC O-44:5,8.13,7.2,5.51,5.54,0,0,0,3.92,4.18,4.15,3.46
PC O-46:3,7.59,7.7,7.54,7.59,7.72,7.81,8,7.81,7.87,7.87,7.73
PC O-46:5,7.85,6.67,4.57,4.2,4.48,4.48,4.04,5.15,4.66,4.17,4.6
PC O-47:11,6.58,5.25,5.72,5.97,6.03,6.59,0,0,5.7,5.65,6.73
PC O-47:3,7.86,7.9,7.71,7.99,7.87,7.95,8.19,8.2,8.18,8.23,8.18
PC O-49:5,7.41,7.49,7.33,7.45,7.38,7.61,7.83,7.81,7.84,7.86,7.84
PC O-49:6,7.21,7.46,7.3,7.36,7.33,7.6,7.83,7.82,7.84,7.85,7.86
PC O-49:7,7.51,7.75,7.63,7.73,7.7,7.84,7.99,7.95,7.98,8.01,7.99
PC O-54:3,6.31,6.48,6.38,6.48,6.58,6.65,6.64,6.74,6.63,6.75,6.64
PE 19:1,9.26,8.03,6.2,8.79,7.93,6.21,7.92,5.87,8.44,7.98,6.49
PE 21:1,7.78,6.54,4.24,6.85,5.74,4.83,5.97,4.82,6.49,6.13,4.13
PE 21:2,7.58,5.88,5.05,6.39,4.72,5.32,5.16,5.36,6,5.17,5.49
PE 21:3,8.48,7.17,4.79,5.35,5.23,5.37,5.21,5.48,5.38,5.71,5.59
PE 21:4,8.65,7.35,5.58,5.88,3.79,4.53,4.27,3.79,4.53,4.26,3.48
PE 23:4,7.87,6.67,0,6.27,0,5.86,0,0,0,0,0
PE 24:0;2O|PE 10:0_14:0;2O,5.87,6.09,6.29,6.08,6.16,6.29,5.79,5.82,6.01,6.23,5.99
PE 24:1;O|PE 10:0_14:1;O,7.39,7.42,7.6,7.37,7.47,7.65,7.56,7.53,7.47,7.9,7.56
PE 25:0;2O|PE 15:0_10:0;2O,4.61,4.84,2.92,0,2.78,3.66,5.81,6.28,3.12,3.54,3.34
PE 25:1;O|PE 10:0_15:1;O,6.24,4.98,0,5.26,4.17,0,4.7,5.29,5.28,6.03,5.7
PE 27:2;O|PE 10:0_17:2;O,7.16,6.21,0,6.29,4.9,0,5.51,0,5.93,5.37,0
PE 29:0|PE 14:0_15:0,0,0,3.36,4.71,3.97,4.73,3.9,5.01,5.26,5.68,7.36
PE 30:0|PE 15:0_15:0,7.14,5.36,0,6.23,0,0,0,6.21,6.62,7.01,7.81
PE 30:1|PE 14:0_16:1,7.09,5.94,0,6.28,5.57,5.59,6.47,6.81,6.34,6.92,7.71
PE 31:0|PE 15:0_16:0,0,0,3.44,0,3.8,4.11,3.32,3.3,5.24,5.85,7.22
PE 31:1|PE 15:0_16:1,0,5.53,0,0,3.33,3.91,4.42,5.18,6.18,6.99,8.32
PE 31:2|PE 15:1_16:1,3.15,3.7,3.17,3.98,3.66,3.16,3.91,3.63,3.25,5.09,6.62
PE 32:1|PE 16:0_16:1,7.94,7.06,0,7.4,6.77,6.56,8,8.5,7.92,8.44,8.64
PE 32:2,5.24,6.21,6.3,5.93,6.3,6.22,6.34,6.61,6.14,6.55,7.1
PE 32:2|PE 16:1_16:1,7.77,7.5,7.43,7.49,7.45,7.42,7.54,7.76,7.48,7.83,8.46
PE 33:1|PE 16:0_17:1,6.37,6.54,6.55,6.51,6.66,6.56,7.72,8.13,8.2,8.58,8.58
PE 33:2|PE 16:1_17:1,5.34,0,0,4.04,0,4.64,6.41,6.94,6.45,7.54,8.05
PE 34:0|PE 16:0_18:0,6.21,5.84,4.38,5.91,4.63,4.23,5.68,6.05,4.52,5.41,5.36
PE 34:1|PE 16:0_18:1,8.89,8.17,6.75,8.42,7.7,7.16,7.9,7.71,8.07,8.1,8.19
PE 34:2|PE 16:1_18:1,8.56,7.64,5.95,7.72,7.8,8.47,7.77,8.18,7.93,8.44,8.7
PE 34:3|PE 16:1_18:2,7.84,6.73,5.29,5.96,5.32,5.42,5.07,5.32,5.26,5.75,6.74
PE 35:1|PE 18:0_17:1,7.08,6.46,5.38,6.03,5.67,5.54,6.61,6.98,6.66,6.83,6.97
PE 35:2|PE 17:1_18:1,7.41,5.96,4.86,6.31,5.89,5.54,7.23,7.56,7.96,8.35,8.34
PE 36:1|PE 18:0_18:1,9.15,8.42,6.68,8.56,7.73,6.62,7.76,6.59,8.01,7.57,7.2
PE 36:2|PE 17:1_19:1,8.52,7.8,6.68,7.53,6.93,6.73,7.32,7.69,7.88,8.22,7.91
PE 36:2|PE 18:1_18:1,9.38,8.64,7.47,8.66,7.97,7.94,7.86,6.99,7.99,7.41,8.61
PE 36:3|PE 18:1_18:2,8.72,7.75,5.49,6.55,5.26,5.41,5.21,5.18,5.09,5.1,5.44
PE 36:4|PE 18:2_18:2,7.43,6.35,6.04,6.65,6.14,5.85,6.37,6.29,6.29,6.7,6.83
PE 37:2|PE 18:1_19:1,8.17,7.98,7.74,8.66,7.26,7.18,6.89,6.99,7.73,7.89,8.62
PE 37:4;4O|PE 15:0_22:4;4O,6.36,5.78,6.32,6.27,6.34,6.41,6.17,6.09,6.27,6.68,6.34
PE 37:4;O|PE 20:3_17:1;O,7.07,7.02,5.9,7.41,7.18,6.01,7.25,6.23,7.26,6.91,6.27
PE 38:1|PE 20:0_18:1,7.57,6.68,4.2,6.55,5.62,4.38,5.23,4.44,5.75,5.37,4.34
PE 38:2|PE 18:1_20:1,7.34,6.79,6.13,7.85,5.82,4.62,6.03,6.18,7.32,6.99,7.11
PE 38:3|PE 18:1_20:2,8.01,7.25,5.29,6.73,5.74,4.57,5.83,4.43,6.17,5.89,5.4
PE 38:4|PE 18:0_20:4,7.9,7.05,0,6.3,4.76,5.15,0,0,5,0,0
PE 38:4|PE 18:1_20:3,7.49,6.22,4.02,6.03,0,0,3.66,0,5.21,5.29,0
PE 40:1|PE 22:0_18:1,7.69,6.76,4.54,6.39,5.63,3.16,5.59,3.49,5.71,5.47,3.1
PE 40:2|PE 20:1_20:1,7.85,7.12,6.05,6.91,6.14,6.03,6.32,6.03,6.13,6.01,6.03
PE 40:3|PE 22:1_18:2,7.32,6.64,5.84,6.21,5.77,5.86,5.76,5.77,5.84,5.75,5.76
PE 42:1|PE 24:0_18:1,8.15,7.16,4.72,6.61,5.69,4.16,5.7,3.5,5.83,5.43,2.85
PE 44:1|PE 26:0_18:1,7.57,6.51,3.63,6.02,4.83,3.86,4.54,2.98,5.04,4.22,3.82
PE 44:2|PE 18:1_26:1,7.47,6.53,3.53,6.14,5.26,2.75,5.58,2.21,5.9,5.79,4.51
PE 44:4|PE 24:0_20:4,7.16,6.51,5.47,6.67,5.64,5.03,6.03,5.54,6.55,6.7,5.49
PE 52:2|PE 18:1_34:1,7.76,6.44,5.21,7.47,6.48,5.28,7.05,5.43,7,6.96,5.69
PE O-32:1|PE O-16:1_16:0,7.39,6.6,5.03,6.86,6.2,5.81,6.34,5.14,6.46,6.28,5.22
PE O-32:2|PE O-16:1_16:1,8.48,7.37,0,8.38,7.44,0,7.66,5.71,7.72,7.21,5.32
PE O-34:2|PE O-16:1_18:1,9.52,8.61,6.84,9.26,8.45,6.9,8.66,7.14,8.73,8.25,7.03
PE O-34:3|PE O-16:1_18:2,9.12,8.12,6.35,7.94,6.98,2.21,7.1,2.37,7.22,6.52,2.82
PE O-36:2|PE O-18:1_18:1,9.21,8.23,6.35,8.78,7.92,6.36,8.12,6.54,8.19,7.64,6.53
PE O-36:3|PE O-18:2_18:1,9.25,8.37,6.65,8.68,7.87,6.58,8.03,6.61,8.04,7.51,6.38
PE O-36:5|PE O-16:1_20:4,8.85,7.67,0,5.35,3.42,0,3.59,5.01,0,0,4.15
PE O-36:6|PE O-16:1_20:5,7.76,6.49,0,0,0,0,0,0,0,0,4.5
PE O-37:2,7.04,6.44,6.21,6.53,6.39,6.36,6.91,7.18,7.23,7.28,8.06
PE O-40:5|PE O-18:1_22:4,8.28,7.58,5.1,6.84,5.9,4.51,6.16,4.43,6.42,6.41,4.79
PE O-40:6|PE O-18:1_22:5,8.43,7.53,5.64,6.29,4.62,4.11,5.35,5.13,5.47,5.94,4.36
PE P-32:0|PE P-16:0_16:0,7.68,6.73,5.87,7.23,6.43,6.38,6.67,6.24,6.83,6.59,6.16
PE P-32:1|PE P-16:0_16:1,8.69,7.66,0,8.72,7.73,0,8,6.17,8.15,7.59,5.76
PE P-33:1|PE P-15:0_18:1,7.96,7.02,5.59,7.78,6.79,5.41,7.1,5.85,7.24,6.66,5.63
PE P-34:1|PE P-16:0_18:1,9.8,8.9,7.16,9.6,8.73,7.17,8.97,7.47,9.1,8.57,7.37
PE P-34:2|PE P-16:0_18:2,9.37,8.39,6.47,8.32,7.33,0,7.51,5.53,7.64,7.05,5.51
PE P-35:1|PE P-17:0_18:1,8.51,7.52,4.52,8.04,7.09,4.53,7.31,4.95,7.47,6.9,4.54
PE P-35:2|PE P-17:0_18:2,8.09,7.08,2.88,7.14,5.71,3.06,5.4,2.26,6.28,4.9,2.22
PE P-36:1|PE P-18:0_18:1,7.76,7.35,7.21,7.64,7.37,7.45,7.87,8.27,8.08,8.17,8.24
PE P-36:2|PE P-18:0_18:2,7.36,5.28,0,6.36,5.22,0,4.94,0,5.77,5.12,0
PE P-36:2|PE P-18:1_18:1,9.54,8.63,6.84,9.05,8.17,6.77,8.37,6.96,8.42,7.84,6.57
PE P-36:3|PE P-18:1_18:2,8.21,7.35,5.37,8,6.96,4.81,7.1,4.83,7.32,6.7,5.29
PE P-36:4|PE P-16:0_20:4,9,7.96,4.7,5.83,4.71,4.35,4.04,4.06,4.41,4.68,4.55
PE P-36:5|PE P-16:0_20:5,8.04,6.87,0,6.58,0,0,0,0,0,0,0
PE P-37:3|PE P-17:0_20:3,7.7,6.68,4.88,6.26,5.57,2.77,6.13,3.67,6.15,5.87,4.36
PE P-38:1|PE P-20:0_18:1,7.5,7.13,7.12,7.48,7.27,7.39,7.74,8.12,7.99,8.11,8.09
PE P-38:2|PE P-20:1_18:1,8.83,7.7,5.01,8.27,7.33,4.9,7.47,6,7.6,6.93,5.99
PE P-38:3|PE P-18:0_20:3,8.6,7.37,4.8,7.83,5.6,5.24,6.33,5.08,6.92,4.78,5.4
PE P-38:4|PE P-18:0_20:4,9.16,8.26,6.21,7.5,6.16,5.28,6.28,4.44,6.6,5.8,4.57
PE P-38:5|PE P-16:0_22:5,8.91,7.84,3.65,5.11,4.3,4.33,4.22,4.64,4,3.95,3.9
PE P-38:6|PE P-18:1_20:5,8.38,7.34,6.85,6.73,6.55,6.72,6.48,6.75,6.74,6.74,6.68
PE P-40:1|PE P-22:0_18:1,7.22,7.34,7.14,7.27,7.3,7.37,7.61,7.91,7.81,7.91,7.9
PE P-40:2|PE P-22:0_18:2,8.51,7.4,5.16,8.3,7.37,5.35,7.55,6.05,7.63,7.18,6.25
PE P-40:3|PE P-22:1_18:2,8.41,7.39,5.37,7.21,5.91,0,6.22,0,6.28,5.28,4.08
PE P-40:4|PE P-18:0_22:4,8.58,7.57,0,6.72,4.02,0,4.77,0,4.86,0,0
PE P-40:5|PE P-18:0_22:5,8.71,7.78,5.99,6.36,5.77,5.92,5.7,5.86,5.75,5.66,5.8
PE P-40:6|PE P-18:0_22:6,8.31,7.47,7.24,6.66,7.2,7.2,7.06,7.05,6.89,7.05,7.11
PE P-40:7|PE P-18:1_22:6,7.78,6.51,0,6.03,0,0,0,4.83,0,0,0
PE P-42:2|PE P-24:1_18:1,8.51,7.52,5.95,8.25,7.48,5.91,7.44,6.23,7.42,6.95,6.67
PE P-42:3|PE P-24:1_18:2,8.39,7.28,5.62,6.96,5.48,4.5,5.87,4.88,5.84,5.18,4.81
PE P-42:5|PE P-22:1_20:4,7.96,6.88,0,6.54,0,0,0,0,4.78,0,0
PE P-42:6|PE P-20:1_22:5,7.7,6.78,4.97,6.99,5.51,4.87,6.56,5.43,6.95,6.46,4.78
PE P-44:4|PE P-24:1_20:3,7.98,7.06,4.59,7.27,6.76,0,6.85,4.43,7.05,7,5.79
PE P-44:5|PE P-24:1_20:4,8.08,6.97,0,6.04,0,0,0,4.12,5.28,0,5.32
PE P-46:4|PE P-26:1_20:3,7.01,6.53,5.61,6.56,5.96,5.67,6.41,5.73,6.59,6.65,6.09
PE P-46:6|PE P-24:1_22:5,8.02,6.71,5.42,7.14,6.05,0,6.31,0,6.82,6.31,5.49
PE-Cer 30:4;3O,6.83,6.79,6.75,6.78,6.73,6.75,6.76,6.69,6.76,6.74,6.69
PE-Cer 34:1;2O,7.62,6.47,5.2,7.17,6.11,5.16,6.59,5.47,6.81,6.8,5.73
PE-Cer 42:2;2O,6.49,5.48,4.9,6.24,5.24,5.54,5.71,4.84,5.95,5.99,5.41
PEtOH 36:0|PEtOH 18:0_18:0,6.53,6.58,6.77,6.48,6.82,6.53,6.49,6.6,6.5,6.73,6.63
PG 28:0,6.82,6.9,7.01,7.04,7.1,7.05,7.04,7.02,6.87,7,6.95
PG 30:0|PG 15:0_15:0,5.82,6.7,6.84,6.76,6.9,6.77,6.81,6.86,6.69,7.04,7.59
PG 30:1|PG 15:0_15:1,5.66,4.09,3.71,3.55,3.22,2.56,5.37,5.49,4.73,6.49,7.29
PG 31:0|PG 15:0_16:0,4.92,4.88,4.82,3.85,5.32,4.95,5.74,5.72,5.59,7.08,8.07
PG 31:1|PG 15:0_16:1,7.49,7.91,7.98,7.89,8,7.91,7.89,7.9,7.89,8,8.17
PG 32:0|PG 15:0_17:0,7.43,6.1,0,4.05,4.22,0,5.5,5.13,3.64,6.88,7.75
PG 32:0|PG 16:0_16:0,6.47,5.24,0,5.71,6.03,5.25,5.75,6.1,5.15,5.89,6.68
PG 32:1,6.14,3.94,4.64,5.6,5.83,5.97,7.02,7.45,6.74,7.33,7.92
PG 32:1|PG 16:0_16:1,6.67,5.8,5.64,5.99,5.9,6.06,6.87,7.36,6.62,7.22,7.88
PG 32:2|PG 16:1_16:1,4.51,4.48,4.54,5.05,4.99,5.32,5.82,6.51,5.32,6.41,7.38
PG 33:1|PG 16:0_17:1,2.99,5.45,0,3.57,0,5.71,6.83,7.33,7.09,7.41,7.39
PG 33:1|PG 17:0_16:1,6.57,4.9,4.38,4.25,5.3,5.58,6.14,6.65,5.52,6.51,7.34
PG 33:2|PG 16:1_17:1,5.47,5.73,6.5,5.72,6.07,6.49,6.48,6.97,6.5,7.06,7.42
PG 34:0|PG 16:0_18:0,6.88,6.11,4.02,5.65,4.53,5.24,5.74,5.57,4.14,5.04,3.46
PG 34:1|PG 16:0_18:1,7.53,6.71,5.87,6.96,6.13,6.52,6.52,7.27,6.17,7.35,7.59
PG 34:2|PG 16:1_18:1,7.59,7.79,7.76,7.88,7.75,7.69,7.79,7.79,7.86,7.88,7.75
PG 35:1|PG 16:0_19:1,6.57,5.79,3.41,6.2,5.77,6.38,6.62,7.2,5.68,6.9,7.06
PG 35:2|PG 16:1_19:1,5.8,2.78,5.13,5.02,6.41,6.96,5.34,6.11,5.97,6.54,6.58
PG 35:2|PG 17:1_18:1,4.78,0,5.25,6.74,5.47,6.21,6.63,7.13,7.1,7.53,7.62
PG 36:2|PG 18:1_18:1,7.46,7.42,6.89,7.95,6.91,7.5,6.88,7.39,6.89,7.69,8.14
PG 36:3|PG 18:1_18:2,7.23,6.98,6.37,7.69,5.89,5.78,4.33,5.16,6.73,6.94,6.84
PG 36:4|PG 18:2_18:2,6.6,5.91,6.62,7.12,4.84,0,3.11,5.01,6.27,6.28,5.96
PG 38:4|PG 18:1_20:3,6.28,4.99,0,6.86,5.99,5.25,6.23,4.31,6.22,6.71,4.86
PG O-36:2|PG O-18:1_18:1,7.32,6.67,5.54,6.12,5,4.02,5.35,3.61,5.66,5.72,5.54
PI 24:1;O|PI 10:0_14:1;O,6.99,6.99,7.19,7.19,7.23,7.36,7.01,6.74,7.07,7.41,7.27
PI 30:1|PI 12:0_18:1,6.66,5.53,4.3,5.73,3.7,3.34,4.62,3.29,5.17,4.92,3.55
PI 32:0|PI 16:0_16:0,7.45,6.09,5.45,6.64,5.21,5.33,5.56,5.07,5.71,6.01,5.17
PI 32:1|PI 14:0_18:1,8,6.98,6.07,7.47,6.54,5.88,6.7,6.05,6.97,6.95,5.85
PI 32:2,6.95,6.47,6.46,6.54,6.42,6.2,6.39,6.45,6.48,6.51,6.46
PI 32:2|PI 14:1_18:1,6.98,6.04,5.82,6.25,5.83,5.63,5.8,5.68,5.93,6.01,5.78
PI 34:0;3O|PI 18:0_16:0;3O,7.87,7,5.6,6.07,0,0,5.25,0,5.85,4.93,0
PI 34:1,8,7.26,5.68,7.78,6.89,0,7.05,0,7.38,7.37,6.66
PI 34:1|PI 18:0_16:1,8.61,7.67,6.45,8.13,7.23,6.25,7.39,6.46,7.61,7.67,6.68
PI 34:2,7.77,7.86,7.79,7.81,7.8,7.76,7.78,7.76,7.83,7.77,7.7
PI 34:2|PI 16:1_18:1,8.31,7.37,6.5,7.64,6.77,6.1,6.87,6.36,7.1,7.16,6.16
PI 34:3|PI 16:1_18:2,7.02,6.05,5.33,5.28,4.29,3.74,4.02,3.79,4.68,4.67,4.32
PI 36:0|PI 18:0_18:0,7.2,6.68,5.8,7.13,6.45,5.66,6.56,5.88,6.79,6.83,6.42
PI 36:1,8.33,7.75,6.45,8.28,7.47,5.98,7.61,6.31,7.89,7.88,6.91
PI 36:1|PI 18:0_18:1,8.79,8.07,6.98,8.55,7.81,6.65,7.92,6.83,8.13,8.18,7.24
PI 36:2,8.22,7.62,6.27,7.81,7,6.1,7.14,6.01,7.36,7.41,6.3
PI 36:2|PI 18:1_18:1,8.78,7.86,6.86,8.11,7.29,6.51,7.37,6.61,7.56,7.63,6.68
PI 36:3,8.06,7.12,6.29,6.53,5.61,0,5.44,0,5.82,5.95,0
PI 36:3|PI 18:1_18:2,8.23,7.36,6.49,6.67,5.59,4.88,5.65,5.19,5.93,6.02,5
PI 36:4|PI 16:0_20:4,7.38,6.46,5.31,5.94,3.32,3.76,5.42,0,4.87,4.81,0
PI 36:4|PI 18:2_18:2,7,6.1,5.4,3.93,2.89,4.33,0,0,2.75,3.2,4.41
PI 38:1|PI 18:0_20:1,7.77,7.08,5.74,7.61,6.75,5.3,6.91,5.82,7.2,7.17,6.26
PI 38:2,7.78,7.17,5.93,7.58,6.7,0,6.81,5.19,7.15,7.07,6.06
PI 38:2|PI 18:0_20:2,8.16,7.45,6.26,7.8,7.04,5.74,7.13,5.86,7.37,7.32,6.33
PI 38:3,7.79,7.02,0,6.78,0,0,0,0,5.23,0,0
PI 38:4|PI 18:1_20:3,7.5,6.6,4.91,4.9,3.25,3.28,3.13,0,4.26,3.5,0
PI 38:5,7.45,6.45,5.41,4.98,0,0,0,0,0,0,4.94
PI 38:5|PI 18:1_20:4,7.61,6.8,6.06,5.82,5.71,5.53,5.61,5.61,5.55,5.58,5.44
PI 38:6|PI 18:2_20:4,6.41,5.49,3.73,4.12,0,1.43,0,0,0,0,3.35
PI 40:2|PI 18:0_22:2,7,6.22,4.44,6.82,5.93,0,6.01,4.67,6.36,6.36,5.24
PI O-34:1|PI O-16:0_18:1,7.84,6.41,0,7.12,4.33,0,5.75,3.07,6.53,6.78,5.72
PI-Cer 34:1;2O,8.27,7.08,5.4,7.74,6.72,5.21,7.19,5.65,7.4,7.4,6.7
PI-Cer 34:1;3O,5.77,5.41,5.36,6.36,7.05,8.1,5.44,5.1,5.28,5.15,5.03
PI-Cer 35:1;2O,6.1,5.13,0,5.69,4.19,6.89,5.69,6.1,5.25,5.91,6.63
PI-Cer 35:1;3O,4.43,4.25,0,4.21,7.21,7.84,2.14,0,2.86,2.24,0
PI-Cer 36:2;2O,7.17,5.83,4.98,5.69,4.85,6.83,4.65,4.24,4.55,5.12,5.25
PI-Cer 36:2;3O,5.49,4.79,4.4,5.46,6.24,7.72,4.19,4.71,4.45,4.64,4.74
PI-Cer 36:4;3O,3.89,0,0,7.05,7.43,7.55,0,0,0,0,0
PI-Cer 38:2;3O,6.15,6.39,0,5.72,6.07,7.06,0,0,5.16,5,4.52
PI-Cer 38:4;2O,8.04,8.01,7.99,7.97,7.98,7.91,7.9,7.92,7.89,7.81,7.87
PI-Cer 38:5;3O,5.93,5.25,5.71,5.81,6.33,7.08,5.39,5.46,5.22,5.12,5.38
PI-Cer 44:8;2O,7.25,7.25,7.3,7.28,7.33,7.29,7.31,7.22,7.27,7.35,7.33
PI-Cer 45:8;2O,6.87,6.89,6.91,6.92,6.93,6.89,6.91,6.84,6.81,6.88,6.91
PS 32:1|PS 16:0_16:1,7.86,6.56,5.07,6.96,5.88,5.21,6.27,5.38,6.64,6.3,5.31
PS 34:1,8.77,7.69,0,8.12,7.14,0,7.5,0,7.9,7.44,5.54
PS 34:2,8.18,6.91,5.63,7.25,6.25,0,6.56,4.8,6.88,6.4,5.3
PS 36:1|PS 18:0_18:1,9.78,8.83,7.27,9.14,8.27,6.94,8.58,7.12,8.99,8.54,7.27
PS 36:2|PS 18:1_18:1,9.15,8.04,6.3,8.23,7.29,0,7.59,0,7.98,7.43,0
PS 36:3|PS 18:1_18:2,8.18,6.88,4.21,6.24,2.67,0,4.08,1.88,5.93,0,0
PS 38:1,8.82,7.79,6.26,8.11,7.29,4.64,7.52,5.2,7.89,7.42,6.21
PS 38:2|PS 18:1_20:1,8.75,7.81,6.25,8.23,7.36,5.74,7.66,5.99,8.03,7.47,6.08
PS 38:3,8.16,7.49,5.14,6.82,3.74,0,4.72,0,6.48,4.95,0
PS 38:3|PS 18:0_20:3,8.56,7.22,4.67,6.79,0,0,4.72,0,6.09,4.73,0
PS 39:2,7.4,6.5,5.7,6.74,5.93,5.51,6.06,5.55,6.54,6.02,5.39
PS 40:1|PS 22:0_18:1,9,7.87,6.38,8.22,7.33,5.79,7.56,5.78,7.96,7.49,6.18
PS 40:2|PS 18:1_22:1,8.92,7.91,5.86,8.26,7.42,0,7.67,4.84,8.04,7.54,5.72
PS 40:3,7.95,6.92,4.85,7.12,5.84,0,6.17,0,6.83,6.05,0
PS 40:4|PS 18:0_22:4,7.94,6.56,0,6.5,0,0,0,0,5.48,5.63,0
PS 40:5,8.14,7.04,0,6.84,5.81,0,5.95,0,6.45,6.4,0
PS 40:6,7.97,6.94,3.69,6.06,0,0,0,0,4.76,0,3.49
PS 41:2,7.64,6.39,0,6.71,0,0,5.85,0,6.34,5.76,0
PS 42:1,7.44,6.06,3.87,6.42,5.52,0,5.62,0,6.15,5.73,4.03
PS 42:2,7.07,5.78,0,5.99,4.73,0,5.05,0,5.79,5.14,0
PS 42:2|PS 18:1_24:1,8.85,7.72,6.19,7.96,7.06,5.42,7.29,5.54,7.67,7.2,5.82
SE 24:1;O4/6:0,8.16,8.07,8.2,8.18,8.21,8.08,8.09,8.1,8.04,8.16,8.17
SE 24:1;O4/7:0,7.71,7.65,7.9,7.88,7.97,7.85,7.87,7.87,7.69,7.83,7.86
SHexCer 32:1;3O,7.16,5.98,3.84,6.3,4.62,3.02,5.17,3.51,5.97,6.08,4.78
SHexCer 34:1;3O,8.26,7.13,5.29,7.23,6.19,5.12,6.63,5.15,6.86,6.84,5.64
SHexCer 34:1;3O|SHexCer 18:1;2O/16:0;O,7.69,6.41,0,6.59,5.06,0,6,0,6.1,6.11,4.72
SHexCer 35:1;3O,5.03,3.82,4.08,5.4,6.41,8,4.06,4.56,4.58,4.93,4.88
SHexCer 42:1;3O,8.54,7.33,5.04,8.1,6.98,4.34,7.43,5.64,7.77,7.68,6.43
SHexCer 42:1;3O|SHexCer 18:1;2O/24:0;O,7.2,5.81,0,7,6.03,0,6.54,0,6.77,6.79,0
SHexCer 42:2;3O,8.03,6.89,4.52,7.42,6.52,4.73,6.95,5.31,7.19,7.15,5.81
SHexCer 52:4;2O,6.93,5.76,3.84,6.35,5.56,3.54,6,4.8,5.88,6.02,5.61
SL 34:0;2O|SL 17:0;O/17:0;O,4.29,4.32,4.6,4.86,4.08,4.52,6.05,5.22,5.27,5.14,4.99
SM 27:2;3O,8.12,8.05,8.31,8.31,8.33,8.44,8.12,8.07,8.27,8.56,8.36
SM 30:0;2O,7.39,5.9,3.61,6.33,4.19,4.33,5.71,4.11,5.87,5.82,0
SM 30:1;2O,8.42,6.99,4.59,7.31,5.93,4.67,6.44,4.57,6.75,6.73,4.73
SM 31:1;2O,7.74,6.35,4.7,6.59,4.6,4.33,6.04,5.12,6.04,6.14,4.86
SM 32:0;2O|SM 16:0;2O/16:0,9.1,7.91,5.92,8.31,7.24,5.48,7.68,6.27,8.01,7.99,6.81
SM 32:1;2O,8.2,7.34,6.11,7.7,6.77,6.19,7.1,6.33,7.38,7.28,6.55
SM 32:1;2O|SM 18:1;2O/14:0,9.96,8.66,7.01,9.09,7.98,6.75,8.4,7.17,8.69,8.62,7.45
SM 32:2;2O|SM 18:1;2O/14:1,7.71,6.27,4.42,6.72,5.25,4.08,6.05,5.24,6.24,6.27,5.15
SM 33:1;2O|SM 18:1;2O/15:0,9.49,8.4,6.52,8.36,7.32,5.67,7.77,6.64,8.04,8.05,6.78
SM 33:2;3O,7.27,6.25,5.25,7.12,6.32,4.7,6.64,5.22,6.89,7.22,5.73
SM 33:8;2O,7.06,7.1,7.23,7.11,7.19,7.02,7.06,7.09,7.08,7.11,7.12
SM 34:0;2O|SM 18:0;2O/16:0,9.8,8.7,6.7,9.02,7.94,6.3,8.41,6.79,8.77,8.66,7.51
SM 34:0;3O,8.26,7.13,0,7.42,6.36,5.25,6.85,5.6,7.11,7.05,5.29
SM 34:1;2O,7.65,7.19,5.54,7.45,6.57,0,7.04,0,7.31,7.29,5.15
SM 34:1;2O|SM 18:1;2O/16:0,10.59,9.76,7.96,10.12,9.25,7.56,9.64,8.24,9.89,9.81,8.6
SM 34:1;3O,8.4,7.34,0,7.24,4.9,5.48,6.72,2.33,6.96,6.93,3.9
SM 34:2;2O,7.58,6.72,4.73,6.9,5.82,3.74,6.22,5.64,6.47,6.43,3.36
SM 34:2;2O|SM 18:1;2O/16:1,9.38,8.07,6.53,8.34,7.22,5,7.72,6.98,7.93,7.9,6.53
SM 35:1;2O,8.63,7.58,0,7.72,6.27,0,7.18,4.44,7.51,7.43,6.45
SM 36:0;2O,7.8,7.21,5.94,7.59,6.45,5.48,7,5.5,7.41,7.26,6.2
SM 36:1;2O|SM 18:1;2O/18:0,8.74,8.01,6.73,8.31,7.35,6.33,7.76,6.2,8.05,7.94,6.56
SM 36:2;2O|SM 18:1;2O/18:1,7.69,6.7,0,7.1,5.7,3.18,6.36,6.15,6.76,6.59,3.05
SM 37:4;2O|SM 18:1;2O/19:3,7.89,7.82,6.07,7.4,6.76,0,7.04,0,7.22,7.22,6.59
SM 37:7;2O,5.46,7.14,7.71,6.9,7.78,7.71,7.53,7.57,7.32,7.91,7.57
SM 38:6;2O,7.14,5.02,0,5.83,0,2.49,4.21,3.99,4.45,5.44,3.92
SM 39:3;3O,6.71,6.19,6.74,6.8,6.56,6.54,6.44,6.4,6.37,6.31,6.36
SM 39:4;2O,5.89,6.35,5.75,5.84,5.78,5.79,5.7,5.81,5.67,5.71,5.79
SM 40:0;2O,8.7,7.71,6.6,8.4,7.3,6.44,7.74,6.45,8.05,7.97,6.98
SM 40:1;2O|SM 18:1;2O/22:0,9.29,8.33,7.21,8.87,7.81,6.22,8.22,6.58,8.49,8.43,7.18
SM 40:2;2O|SM 18:1;2O/22:1,8.8,7.94,6.46,8.29,7.27,5.87,7.7,6.52,7.96,7.83,6.12
SM 40:2;3O,8.85,7.84,6.19,8.03,7.08,5.18,7.32,5.93,7.59,7.64,6.35
SM 40:3;2O|SM 16:1;2O/24:2,7.39,6.85,5.97,6.65,5.71,5.57,5.76,5.53,5.77,6.23,5.01
SM 40:7;3O,6.72,7.19,7.26,7.11,7.3,7.28,7.26,7.26,7.23,7.24,7.21
SM 41:0;2O,7.7,7.07,6.35,7.74,6.39,5.36,7.08,5.64,7.5,7.45,6.42
SM 41:1;2O|SM 18:1;2O/23:0,8.84,8.24,7.4,8.37,7.33,6.01,7.74,6.49,8,7.95,6.91
SM 41:2;2O|SM 18:1;2O/23:1,8.33,7.57,6.48,7.79,6.72,5.12,7.15,5.71,7.41,7.35,5.47
SM 42:0;2O,9.3,8.17,6.18,8.93,7.83,6.17,8.28,6.53,8.61,8.55,7.44
SM 42:0;3O,7.89,6.94,6.25,7.3,6.68,6.61,7.12,6.72,7.24,7.22,6.78
SM 42:1;2O,6.75,7.08,5.58,7.42,6.89,5.14,7.15,4.71,7.3,7.23,6.1
SM 42:1;2O|SM 18:1;2O/24:0,9.82,8.79,7.41,9.41,8.4,6.7,8.81,7.08,9.06,9,7.73
SM 42:1;3O,9.18,8.09,6.72,8.2,7.31,5.9,7.58,5.89,7.71,7.74,6.81
SM 42:2;2O,7.11,7.21,6.05,7.77,7.24,5.17,7.48,5.99,7.59,7.57,6.45
SM 42:2;2O|SM 18:1;2O/24:1,9.96,8.91,7.37,9.65,8.63,6.73,9.03,7.52,9.27,9.19,7.91
SM 42:2;3O,6.9,5.77,5.47,6.34,5.69,5.86,6.07,6.06,6.05,6.16,6.08
SM 42:3;2O|SM 18:2;2O/24:1,8.72,8.02,7.31,8.19,7.43,7,7.7,7.2,7.85,7.76,6.98
SM 42:8;2O,8.58,8.36,8.57,8.47,8.55,8.68,8.64,8.61,8.55,9,8.65
SM 44:0;2O,8.34,6.94,4.64,7.46,5.38,4.43,6.3,4.65,7.02,6.94,5.19
SM 44:1;2O|SM 18:1;2O/26:0,9.05,7.75,6.56,8.06,6.64,6.68,7.57,7.11,7.48,7.65,6.91
SM 44:2;2O|SM 18:1;2O/26:1,9.14,7.95,5.23,8.32,7.27,5.72,7.63,6.1,7.89,7.85,6.35
SM 44:3;2O|SM 18:1;2O/26:2,8.04,7.14,6.2,7.44,6.62,6.12,6.87,6.06,7.04,6.94,5.93
SM 46:6;2O|SM 18:1;2O/28:5,7.36,0,0,7.13,0,0,7.26,0,7.08,7.76,0
SM 48:6;2O|SM 18:1;2O/30:5,6.23,5.22,0,5.84,4.75,0,5.87,3.81,5.89,6.58,2.99
SM 60:13;2O,9.29,9.26,9.26,9.26,9.27,9.24,9.24,9.22,9.21,9.19,9.21
ST 24:1;O4,4.69,5.24,5.25,5.34,4.37,5.4,0,3.52,4.66,0,0
ST 27:0;O,6.28,5.94,5.9,5.92,6.26,6.11,6.47,6.54,6.1,6.53,6.2
ST 27:1;O,10.12,10.12,10.1,10.06,10.06,10.03,10.04,10.03,10.04,9.99,10.05
ST 27:1;O;S,9.27,8.39,7.73,9.04,8.24,8.01,8.58,7.8,8.74,8.66,7.89
ST 27:2;O,7.77,8,8.12,7.97,8.16,8.07,8.01,8.17,8.03,8.32,8.01
ST 28:1;O,5.75,5.84,5.84,5.93,6.03,5.35,6,6.12,6.1,6.48,5.51
ST 28:2;O,7.33,7.45,7.55,7.46,7.39,7.59,7.51,7.45,7.49,7.61,7.56
ST 28:4;O,8.14,8.11,8.08,8.1,8.12,8.09,8.1,8.14,8.14,8.11,8.19
ST 29:1;O,6.76,6.89,6.91,6.88,6.96,6.52,7.18,7.29,7.19,7.32,6.86
ST 29:2;O,6.93,7.01,7.05,6.98,6.89,7.07,7.1,6.97,7.04,7.09,6.97
TG 26:0|TG 8:0_8:0_10:0,7.31,7.59,7.05,7.14,7.54,7.79,8.33,8.09,8.17,8.15,8.12
TG 29:0|TG 9:0_10:0_10:0,6.54,6.34,6.45,6.46,6.63,6.6,6.66,6.64,6.96,7.03,6.6
TG 29:1;1O|TG 8:0_8:0_13:1;1O,7.37,7.39,7.34,7.4,7.57,7.63,8.04,8.38,8.16,8.29,8.28
TG 31:1;1O|TG 8:0_8:0_15:1;1O,7.16,7.23,7.12,7.17,7.37,7.45,7.87,8.21,8,8.14,8.12
TG 32:0|TG 10:0_10:0_12:0,8.04,8.58,8.2,8.22,8.58,8.7,9.1,8.87,8.97,8.87,8.89
TG 32:1|TG 8:0_10:0_14:1,6.84,7.78,7.39,7.19,7.81,7.94,8.39,8.06,8.2,8.09,8.11
TG 33:0|TG 8:0_10:0_15:0,7.17,7.82,7.37,7.47,7.81,7.95,8.4,8.12,8.23,8.15,8.13
TG 33:1;1O|TG 8:0_10:0_15:1;1O,6.78,7.11,7,7.12,7.29,7.3,7.7,8.02,7.84,7.98,7.96
TG 33:2;1O|TG 8:0_8:0_17:2;1O,7.94,8.46,8.69,8.55,8.61,8.58,8.48,8.55,8.36,8.16,8.29
TG 34:0|TG 8:0_12:0_14:0,8.36,8.83,8.43,8.46,8.81,8.91,9.33,9.1,9.22,9.14,9.11
TG 34:1|TG 8:0_10:0_16:1,7.59,8.26,7.88,7.8,8.27,8.39,8.8,8.46,8.61,8.5,8.51
TG 34:2|TG 8:0_8:0_18:2,5.96,7.18,6.87,6.52,7.29,7.39,7.84,7.44,7.63,7.52,7.52
TG 36:0|TG 10:0_12:0_14:0,8.58,9.06,8.66,8.68,9.03,9.14,9.54,9.32,9.42,9.34,9.33
TG 36:1|TG 8:0_10:0_18:1,8.1,8.6,8.16,8.15,8.56,8.7,9.15,8.81,8.98,8.89,8.86
TG 36:2|TG 8:0_14:1_14:1,7.22,7.88,7.5,7.45,7.87,8.03,8.44,8.04,8.23,8.12,8.12
TG 36:3|TG 8:0_10:0_18:3,0,6.86,6.64,6.3,7.06,7.17,7.64,7.14,7.38,7.28,7.26
TG 37:1;1O|TG 12:0_12:0_13:1;1O,6.68,7.02,7.08,7.05,7.23,7.29,7.64,7.97,7.82,7.88,7.88
TG 38:0;2O|TG 15:0_15:0_8:0;2O,5.81,6.98,6.57,6.5,6.62,6.7,6.78,6.89,6.85,6.98,6.78
TG 38:1|TG 8:0_12:0_18:1,8.42,8.88,8.44,8.44,8.83,8.98,9.42,9.08,9.25,9.13,9.11
TG 38:2|TG 8:0_14:1_16:1,7.78,8.55,8.51,8.31,8.69,8.71,8.86,8.62,8.65,8.6,8.62
TG 38:3|TG 10:0_10:0_18:3,6.74,7.46,7.12,7.01,7.51,7.68,8.11,7.64,7.85,7.75,7.73
TG 39:1;1O|TG 10:0_15:0_14:1;1O,8.26,8.97,9.27,9.08,9.37,9.32,9.22,9.28,9.16,9.56,9.25
TG 40:1;1O|TG 9:0_16:0_15:1;1O,5.97,7.68,8.1,7.67,8.23,8.19,8.14,8.17,7.89,8.31,8.1
TG 40:1|TG 10:0_12:0_18:1,8.33,8.63,8.22,8.22,8.6,8.73,9.17,8.86,9.01,8.89,8.91
TG 40:2;1O|TG 9:0_16:0_15:2;1O,6.77,7.43,7.07,7.49,7.25,7.42,7.78,7.64,7.69,7.66,7.62
TG 40:2;1O|TG 9:0_16:1_15:1;1O,7.06,7.69,7.35,7.41,7.38,7.49,7.84,7.77,7.57,7.79,7.59
TG 40:2|TG 10:0_14:1_16:1,7.81,8.31,7.84,7.88,8.27,8.41,8.85,8.43,8.63,8.53,8.51
TG 40:3;1O|TG 8:0_17:1_15:2;1O,7.43,7.9,8.06,7.72,7.95,7.95,7.87,7.96,7.75,7.81,7.94
TG 40:3|TG 8:0_14:0_18:3,7.28,7.86,7.55,7.54,7.9,7.98,8.3,7.91,8.07,7.99,7.96
TG 41:0;2O|TG 16:0_16:0_9:0;2O,5.68,7.56,6.35,6.7,6.35,6.62,6.45,6.61,7.02,6.89,6.58
TG 42:4|TG 8:0_14:1_20:3,5.75,6.45,6.26,5.65,6.68,6.9,7.39,6.86,7.12,7.04,7
TG 43:3;1O|TG 10:0_16:0_17:3;1O,6.96,7.29,7.26,7.34,7.39,7.54,7.76,7.82,7.73,7.78,7.76
TG 44:1|TG 10:0_16:0_18:1,6.81,7.54,7.06,7.16,7.46,7.55,8.04,7.86,7.89,7.81,7.82
TG 44:4|TG 8:0_18:1_18:3,3.63,6.76,6.14,5.69,6.86,7.11,7.32,6.82,6.98,6.96,6.97
TG 44:5|TG 8:0_18:2_18:3,7.81,6.94,5.15,7.63,6.82,5.62,6.53,5.84,6.51,5.9,6.15
TG 45:4;1O|TG 10:0_18:1_17:3;1O,6.88,7.04,7.05,7.13,7.11,7.39,7.55,7.58,7.41,7.46,7.58
TG 45:5;1O|TG 10:0_18:2_17:3;1O,6.24,6.6,7.05,6.64,6.97,7.45,7.66,7.58,7.57,7.61,7.62
TG 46:2;1O|TG 13:0_16:0_17:2;1O,6.41,7.17,7.03,6.94,7.24,7.34,7.54,7.45,7.46,7.44,7.4
TG 46:3;1O|TG 16:0_13:1_17:2;1O,6.77,7.02,6.94,6.87,7.13,7.04,7.4,7.33,7.27,7.34,7.27
TG 46:4;1O|TG 16:0_13:1_17:3;1O,6.57,6.59,6.35,6.44,6.54,6.79,7.09,7.03,7.08,7.13,7.07
TG 47:3;1O|TG 12:0_18:1_17:2;1O,5.92,6.83,6.61,7.18,6.89,7.12,7.35,7.3,7.3,7.34,7.25
TG 48:6;1O|TG 13:1_18:2_17:3;1O,5.51,6.73,6.57,6.16,6.8,6.95,7.27,7.19,7.33,7.15,7.24
TG 49:2;1O|TG 10:0_22:0_17:2;1O,7.07,7.03,7.04,7.03,7.07,7.01,7.22,7.16,7.06,7.19,7.02
TG 49:3;3O|TG 16:0_15:2_18:1;3O,6.8,7.21,7.07,6.97,7.13,7.21,7.35,7.31,7.3,7.34,7.23
TG 49:5|TG 13:1_18:2_18:2,6.21,6.03,6.8,6.46,6.86,6.69,6.52,6.53,6.66,6.81,6.63
TG 50:2;1O|TG 16:0_16:0_18:2;1O,7.25,7.4,7.31,7.2,7.48,7.51,7.61,7.43,7.47,7.42,7.35
TG 50:2;2O|TG 16:0_16:0_18:2;2O,7.06,7.21,7.18,7.24,7.22,7.32,7.49,7.33,7.35,7.31,7.25
TG 50:3;3O|TG 16:0_18:2_16:1;3O,7.32,7.53,7.33,7.17,7.52,7.64,7.74,7.72,7.73,7.64,7.37
TG 51:3;1O|TG 15:0_19:1_17:2;1O,7.79,8.11,8.29,8.14,8.39,8.28,8.22,8.38,8.02,8.48,8.18
TG 51:3;3O|TG 16:0_15:2_20:1;3O,7.26,7.26,7.08,7.3,7.2,7.34,7.43,7.4,7.39,7.45,7.47
TG 52:2;2O|TG 16:0_18:0_18:2;2O,6.96,6.99,6.96,7,6.94,7.07,7.3,7.12,7.06,7.04,6.98
TG 52:2;2O|TG 16:0_18:2_18:0;2O,7.08,7.04,7.13,7.25,7.17,7.26,7.36,7.19,7.26,7.27,7.17
TG 52:3;3O|TG 19:0_15:2_18:1;3O,7.1,7.45,7.58,7.52,7.6,7.65,7.68,7.57,7.6,7.61,7.54
TG 53:2;3O|TG 16:0_19:1_18:1;3O,7.24,7.31,7.17,7.34,7.31,7.41,7.63,7.55,7.53,7.54,7.52
TG 53:7;1O|TG 18:2_18:2_17:3;1O,7.37,7.26,7.22,7.37,7.18,7.33,7.42,7.59,7.46,7.61,7.58
TG 54:2;2O|TG 18:0_18:2_18:0;2O,6.61,6.52,6.63,6.7,6.75,6.74,6.92,6.72,6.76,6.76,6.71
TG 54:3;1O|TG 18:0_18:1_18:2;1O,7.3,7.41,7.45,7.41,7.72,7.62,7.68,7.63,7.38,7.72,7.52
TG 54:3;3O|TG 18:0_18:2_18:1;3O,6.85,7.04,7.16,7.15,7.17,7.24,7.26,7.15,7.14,7.17,7.1
TG 54:4;1O|TG 18:1_18:1_18:2;1O,6.58,6.9,6.86,6.73,7.13,7.05,6.98,6.9,6.88,6.91,6.9
TG 54:5|TG 18:1_18:2_18:2,8.72,8.77,8.45,8.54,8.64,8.92,9.04,8.7,8.83,8.79,8.78
TG 54:6|TG 18:2_18:2_18:2,8.68,8.73,8.4,8.48,8.59,8.94,9.07,8.64,8.81,8.76,8.75
TG 54:7|TG 18:2_18:2_18:3,7.57,7.64,7.36,7.36,7.39,7.72,7.89,7.69,7.73,7.77,7.73
TG 54:9|TG 18:3_18:3_18:3,6.49,6.7,6.26,6.29,6.5,6.98,7.01,6.46,6.6,6.52,6.48
TG 55:2;O2|TG 16:0_16:0_9:0;O(FA 14:1),7.06,7.13,6.95,7.29,7.12,7.23,7.4,7.37,7.36,7.44,7.34
TG 56:2|TG 18:0_18:1_20:1,8.03,8.1,7.8,8.25,8.03,8.2,8.26,7.9,8.1,8.06,7.86
TG 56:3|TG 18:1_18:1_20:1,8.14,7.97,7.67,8.31,7.93,8.02,8.13,7.79,7.95,7.95,7.77
TG 58:1|TG 15:0_25:0_18:1,8.09,8.15,7.93,8.24,8.14,8.25,8.25,8.03,8.11,8.1,7.98
TG 58:10;2O|TG 18:3_22:5_18:2;2O,6.87,6.52,6.8,6.84,6.81,6.79,6.79,6.76,6.75,6.72,6.74
TG 58:2|TG 16:0_18:1_24:1,8.02,8.03,7.8,8.18,8.01,8.15,8.14,7.88,7.97,7.98,7.82
TG 58:3|TG 22:0_18:1_18:2,7.59,7.49,7.18,7.82,7.47,7.55,7.64,7.28,7.45,7.46,7.25
TG 58:8;1O|TG 18:2_21:5_19:1;1O,7.46,7.28,7.54,7.52,7.52,7.59,7.56,7.52,7.53,7.55,7.5
TG 58:9;2O|TG 18:2_22:5_18:2;2O,7.7,7.4,7.66,7.69,7.68,7.72,7.68,7.64,7.62,7.65,7.6
TG 59:1|TG 16:0_25:0_18:1,7.79,7.93,7.72,7.83,7.92,8.06,8.02,7.83,7.87,7.86,7.77
TG 59:2|TG 25:0_16:1_18:1,7.63,7.75,7.56,7.71,7.76,7.91,7.89,7.64,7.73,7.7,7.6
TG 60:1|TG 16:0_26:0_18:1,7.82,7.82,7.59,8.02,7.8,7.9,7.92,7.68,7.78,7.77,7.62
TG 60:2|TG 24:0_18:1_18:1,7.91,7.86,7.59,8.16,7.82,7.93,7.97,7.67,7.8,7.8,7.59
TG 60:3|TG 18:1_18:1_24:1,7.54,7.39,7.06,7.84,7.34,7.44,7.57,7.14,7.34,7.34,7.11
TG 61:1|TG 16:0_27:0_18:1,7.42,7.55,7.34,7.5,7.54,7.67,7.64,7.44,7.49,7.48,7.39
TG 61:15;1O|TG 17:4_22:5_22:6;1O,7.11,7.06,7.02,7.09,7.02,7.03,7.07,7.01,7.01,6.99,6.96
TG 61:15;1O|TG 20:5_22:5_19:5;1O,7.57,7.3,7.55,7.57,7.55,7.56,7.58,7.54,7.52,7.52,7.52
TG 61:2|TG 27:0_16:1_18:1,7.38,7.48,7.29,7.54,7.5,7.65,7.63,7.39,7.46,7.44,7.32
TG 61:3|TG 25:0_18:1_18:2,7.02,7.06,6.87,7.21,7.11,7.26,7.26,6.95,7.11,7.07,6.89
TG 62:1|TG 18:0_26:0_18:1,7.42,7.46,7.21,7.56,7.44,7.52,7.55,7.28,7.4,7.38,7.25
TG 62:2|TG 26:0_18:1_18:1,7.57,7.52,7.23,7.85,7.49,7.59,7.64,7.33,7.46,7.44,7.27
TG 62:3|TG 18:1_18:1_26:1,7.42,7.24,6.86,7.76,7.2,7.26,7.41,6.97,7.18,7.19,6.92
TG 62:4|TG 18:1_26:1_18:2,6.86,6.64,6.27,6.72,6.46,6.68,6.69,6.36,6.5,6.49,6.29
TG 62:5|TG 18:1_18:2_26:2,7.25,7.34,7.14,7.31,7.3,7.35,7.33,7.39,7.31,7.39,7.32
TG 62:6|TG 16:0_16:0_30:6,6.78,6.89,6.74,6.96,6.83,7,7.01,7.04,6.99,7.08,6.91
TG 63:1|TG 15:0_16:0_32:1,6.91,7.12,6.87,7.05,7.02,7.19,7.2,6.97,7,7.01,6.86
TG 63:2|TG 15:0_16:1_32:1,7.05,7.15,6.91,7.26,7.22,7.34,7.35,7.07,7.16,7.14,7.03
TG 63:3|TG 16:1_18:1_29:1,6.8,6.94,6.71,7.06,6.97,7.13,7.12,6.83,6.99,6.94,6.78
TG 64:2|TG 16:0_16:1_32:1,7.01,7.08,6.83,7.16,7.08,7.29,7.21,6.86,7.01,7.02,6.89
TG 64:3|TG 18:1_20:1_26:1,7.03,7.07,6.72,7.23,6.98,7.18,7.11,6.86,6.96,6.98,6.78
TG 64:4|TG 14:0_16:1_34:3,6.67,6.59,6.39,6.65,6.64,6.75,6.72,6.44,6.6,6.55,6.41
TG 64:6|TG 28:0_16:1_20:5,6.52,6.64,6.43,6.9,6.65,6.8,6.77,6.77,6.72,6.77,6.62
TG 65:2|TG 16:0_17:1_32:1,6.69,6.78,6.55,6.69,6.79,6.94,6.93,6.62,6.72,6.66,6.59
TG 65:3|TG 15:0_16:1_34:2,6.6,6.75,6.47,6.65,6.86,7.02,6.83,6.64,6.79,6.68,6.53
TG 65:4|TG 15:0_16:1_34:3,6.36,6.52,6.23,6.45,6.55,6.7,6.66,6.35,6.53,6.45,6.27
TG 65:5|TG 15:0_16:1_34:4,6.45,6.59,6.28,6.38,6.57,6.66,6.61,6.55,6.55,6.57,6.48
TG 66:1|TG 16:0_24:0_26:1,6.57,6.7,6.44,6.59,6.69,6.83,6.7,6.49,6.57,6.46,6.49
TG 66:3|TG 16:0_16:1_34:2,6.64,6.81,6.47,6.73,6.73,6.9,6.82,6.55,6.64,6.64,6.53
TG 66:4|TG 16:0_16:1_34:3,6.55,6.63,6.39,6.44,6.64,6.8,6.76,6.46,6.59,6.55,6.4
TG 66:5|TG 16:0_16:1_34:4,6.43,6.59,6.33,6.43,6.55,6.66,6.63,6.45,6.51,6.58,6.4
TG 67:1|TG 25:0_26:0_16:1,6.26,6.47,6.15,6.25,6.31,6.52,6.47,6.21,6.32,6.21,6.15
TG 67:3|TG 17:1_18:1_32:1,6.4,6.45,6.28,6.3,6.47,6.61,6.52,6.23,6.35,6.35,6.19
TG 67:4|TG 15:0_18:1_34:3,6.22,6.39,6.2,6.24,6.39,6.59,6.49,6.32,6.3,6.31,6.17
TG 68:1|TG 24:0_26:0_18:1,6.16,6.27,5.83,6.2,6.19,6.36,6.26,6,6.1,6.07,5.97
TG 68:3|TG 18:1_24:1_26:1,6.19,6.33,6.02,6.33,6.27,6.4,6.35,6.09,6.18,6.24,6.03
TG 68:5|TG 16:1_18:1_34:3,6.3,6.31,6.13,6.22,6.3,6.49,6.46,6.24,6.31,6.29,6.18
TG O-48:0|TG O-16:0_16:0_16:0,7.45,7.14,6.56,7.33,6.7,6.45,6.88,6.58,6.8,6.89,6.46
TG O-50:0|TG O-16:0_16:0_18:0,7.47,7.2,6.55,7.31,6.66,6.66,6.87,6.54,6.74,6.84,6.52
TG O-50:1|TG O-16:0_16:0_18:1,7.72,7.51,6.88,7.69,7.07,7.02,7.26,6.83,7.08,7.16,6.84
TG O-52:0|TG O-17:0_17:0_18:0,7.25,7.01,6.21,6.92,6.38,6.37,6.53,6.27,6.41,6.46,6.21
TG O-52:1|TG O-18:0_16:0_18:1,7.58,7.38,6.48,7.38,6.76,6.73,6.91,6.53,6.76,6.8,6.51
TG O-52:2|TG O-18:0_16:1_18:1,7.52,7.37,6.72,7.47,6.94,6.95,7.11,6.73,7.16,7.03,6.72
TG O-52:3|TG O-19:1_16:1_17:1,6.95,6.88,6.41,7.03,6.59,6.67,6.77,6.39,7.06,6.73,6.43
TG O-53:1|TG O-19:0_16:0_18:1,6.51,6.73,6.26,6.54,6.37,6.52,6.53,6.22,6.29,6.32,6.24
TG O-53:2|TG O-17:0_18:1_18:1,6.29,6.64,6.2,6.42,6.22,6.41,6.44,5.79,6.32,6.29,5.9
TG O-54:0|TG O-16:0_18:0_20:0,6.79,6.5,5.47,6.5,5.84,5.85,5.94,5.56,5.89,5.89,5.26
TG O-54:0|TG O-16:0_19:0_19:0,7.59,7.7,7.76,7.77,7.79,7.76,7.75,7.72,7.64,7.67,7.73
TG O-54:1|TG O-18:0_18:0_18:1,7.21,7.04,6.23,6.96,6.39,6.45,6.6,6.24,6.37,6.42,6.19
TG O-54:2|TG O-20:0_16:1_18:1,7.13,7.05,6.32,7,6.53,6.61,6.68,6.33,6.67,6.59,6.29
TG O-54:3|TG O-20:1_16:1_18:1,6.94,6.93,6.03,6.99,6.79,6.75,6.75,6.35,6.59,6.44,6.36
TG O-56:0|TG O-16:0_18:0_22:0,6.53,6.1,4.3,6.29,5.37,4.25,5.4,3.77,5.3,4.97,4.08
TG O-56:2|TG O-22:1_16:0_18:1,7.01,6.73,5.61,6.81,6,6.03,6.25,5.52,6.02,6.03,5.27
TG O-58:1|TG O-18:0_18:1_22:0,6.95,6.65,5.45,6.79,5.89,5.62,6.06,4.56,5.87,6.03,5.17