rna,EVP2D,Exomere2D,Super2D,EVP3D,Exomere3D,Super3D,ExomereFPLC,SuperFPLC,EV3D,hEV3D,NV3D
hsa-let-7a-3p,61.09,51.15,28.88,14.96,5.15,0.84,18,0.87,8.49,1.22,0.18
hsa-let-7a-5p,14705.9,270.29,182.36,1436.63,351.87,7.05,1643.19,37.4,1218.6,58.61,6.36
hsa-let-7b-3p,10.79,7.08,2.97,2.52,3.46,0.23,11.49,1.02,3.77,0.32,0.15
hsa-let-7b-5p,6239.99,4845.54,2405.11,383.58,115.73,10.42,541.64,18.84,404.18,16.64,3.04
hsa-let-7c-3p,0.49,0.18,0.03,0.15,0,0,0.74,0,0.19,0,0
hsa-let-7c-5p,651.66,15.61,14.88,73.29,9.2,1.4,82.66,2.02,68.68,3.58,0.35
hsa-let-7d-3p,83.24,220.18,152.61,63.36,112.5,24.1,192.59,46.15,49.85,2.53,1.64
hsa-let-7d-5p,1396.53,11.35,3.31,153.68,15.98,0.36,165.1,1.16,131.26,6.03,0.82
hsa-let-7e-3p,0.15,0,0,0,0.32,0,0.08,0,0,0.07,0
hsa-let-7e-5p,77.33,0.48,0.48,8.98,1.74,0,8.73,0.7,10.12,0.31,0.05
hsa-let-7f-1-3p,4.73,0.92,0.17,1.72,0,0.14,3.96,0.03,0.53,0.12,0.05
hsa-let-7f-2-3p,3.96,1.82,1,0.47,0,0,0.48,0,0.21,0.03,0
hsa-let-7f-5p,13058.49,258.08,150.64,1821.44,384.47,8.14,2099.16,35.96,1418.15,81.88,6.48
hsa-let-7g-3p,3.56,14.9,4.98,0.95,1.38,0.13,0.27,0.32,0.28,0.08,0
hsa-let-7g-5p,9124.82,423.9,295.86,2316.98,1440.8,30.61,2348.96,150.89,980.32,86.84,7.1
hsa-let-7i-3p,7.03,12.94,9.96,0.31,0.57,0,0.67,0.19,0.34,0.07,0
hsa-let-7i-5p,1021.32,1084.95,488.28,92.09,26.14,1.6,73.31,4.86,41.19,3.9,0.41
hsa-miR-100-5p,0.57,0.63,0.55,0.03,1.39,0,0.88,0,0.17,0.35,0.04
hsa-miR-101-2-5p,1.35,0,0,0.1,0,0,0,0,0.17,0,0.01
hsa-miR-101-3p,912.89,345.46,108.94,236.46,267.93,25.8,388.49,14.43,130.94,27.64,3.06
hsa-miR-101-5p,0.16,0.34,0.66,0.21,0.11,0,0.89,0,0,0,0
hsa-miR-10394-3p,0.6,0.48,0,0.02,0,0,0,0,0.11,0,0
hsa-miR-10395-3p,0.15,0,0.02,0.09,0,0,1.69,0,0.01,0,0.06
hsa-miR-10399-3p,2.03,0,0.15,0,0,0,0,0,0.08,0,0
hsa-miR-10399-5p,0.6,0.01,0.08,0.15,0,0,0,0,0,0,0
hsa-miR-103a-2-5p,0.95,0.04,0,0.87,0,0.12,0.79,0,0.23,0,0
hsa-miR-103a-3p,4244.5,271.53,167.91,652.57,117.1,4,558.9,11.06,461.4,34.02,2.18
hsa-miR-10401-3p,4.75,2.63,3.07,0.67,0.47,0,1.28,0.45,0.32,0.07,0.03
hsa-miR-10401-5p,0.23,0.57,0,0,0.08,0,0,0,0.01,0.03,0.02
hsa-miR-10524-5p,0,0,0,0.08,0,0,0,0,0,0,0
hsa-miR-10527-5p,2.67,3.98,1.02,0.15,0,0,0,0,0.28,0.04,0
hsa-miR-105-3p,0.23,0.02,0.03,0,0,0,0,0,0,0.01,0
hsa-miR-105-5p,24.65,3.51,1.08,5.76,3.23,0.34,11.16,0.97,2.89,0.39,0.02
hsa-miR-106a-5p,11.29,3.12,1.79,1.06,0.23,0.12,1.34,0.03,0.65,0.08,0.01
hsa-miR-106b-3p,325.77,30.09,11.04,23.86,6,0.42,36.15,1.53,16.91,2.42,0.1
hsa-miR-106b-5p,659.99,27.51,9.47,76.19,26.57,0.58,114.09,1.33,36.01,7.93,0.73
hsa-miR-107,244.82,127.7,83.36,27.31,24.7,1.63,46.81,4.11,10.21,1.31,0.47
hsa-miR-10a-3p,349.19,1537.36,971.66,98.46,359.2,25.97,202.36,66.83,8.66,1.27,2.6
hsa-miR-10a-5p,4375.82,4280.95,2467.34,937.31,1127.09,274.83,2420.32,512.7,1263.16,126.75,18.31
hsa-miR-10b-3p,1.04,3.04,2.95,0,0.9,0,0,0,0,0,0
hsa-miR-10b-5p,10.1,14.23,6.75,0.59,1.39,0.27,2.17,0.26,0.56,0.13,0
hsa-miR-11399,0.15,0.19,0.1,0,0,0,0.24,0.09,0,0.04,0
hsa-miR-1180-3p,53.18,138.23,115,0.54,3.96,0.16,1.3,1.17,1.48,0.2,0.06
hsa-miR-1180-5p,1.08,4.36,8.31,0.06,0.18,0.05,0.09,0.66,0.09,0,0
hsa-miR-12114,0,0.21,0,0,0,0,0,0,0,0,0
hsa-miR-12135,0.08,0,0,0.08,0,0,0,0,0,0,0
hsa-miR-12136,11.79,0.38,0.3,2.06,0,0.34,2.21,0.13,0.11,0.01,0
hsa-miR-1224-5p,2.01,2.74,1.11,0.04,0.28,0.15,0.18,0.43,0.11,0,0
hsa-miR-122-5p,5.7,5.16,13.1,1.97,8.22,2.1,1.4,0.08,0.21,0.05,0
hsa-miR-1226-3p,0.38,0,0,0.08,0,0,0.12,0,0.55,0.06,0
hsa-miR-1226-5p,1.56,0.23,0,0.04,0,0,0,0.19,0.13,0,0
hsa-miR-1227-3p,0,0.44,0.13,0.06,0,0,0,0,0.04,0,0
hsa-miR-1228-5p,0,0.05,0.55,0,0,0,0,0.25,0.04,0,0
hsa-miR-1234-3p,0,0,0,0.03,0,0,0,0,0,0,0
hsa-miR-1236-5p,0.06,0.23,0.52,0.05,0.16,0,0,0.03,0,0,0
hsa-miR-1237-3p,0,1.01,0.24,0.15,2.39,0,0.72,0.17,0.18,0,0
hsa-miR-1237-5p,0,0.02,0.08,0.19,0,0,0,0,0,0.01,0
hsa-miR-124-3p,0,0.05,0.18,0.04,0,0,0,0,0,0.02,0
hsa-miR-1244,0.05,0.12,0.48,0.04,0,0,0.54,0,0.01,0,0.01
hsa-miR-1246,2525.62,19393.82,16421.36,4297.82,5875.63,1886.84,12751.5,10261.57,3152.72,1299.17,22519.47
hsa-miR-1247-3p,0.08,0.31,0,0,0,0,0,0,0,0,0
hsa-miR-1247-5p,47.45,14.96,6.02,7.17,77.93,1.95,28.94,8.03,10.36,0.73,0.05
hsa-miR-1248,1.54,0,0,0.14,0.15,0,0,0,0.08,0.06,0
hsa-miR-1249-3p,0,0,0,0.1,0,0.03,0.16,0,0.55,0.02,0
hsa-miR-1252-5p,0,0.16,0,0,0,0,0,0,0,0,0
hsa-miR-1255a,0.91,1.04,5.97,0.25,1.03,0.34,1.04,1.59,0.04,0,0
hsa-miR-1255b-5p,0.74,0.33,1.65,0.11,0.26,0,0.21,0.57,0,0,0
hsa-miR-125a-3p,4.46,12.01,10.27,0.75,2.26,0.26,1.61,0.44,0.3,0.1,0.01
hsa-miR-125a-5p,6.89,0,0,11.66,3.1,0,39.91,1.07,23.43,1.67,0.03
hsa-miR-125b-2-3p,43.36,15.47,7.06,4.15,1.33,0.19,5.28,0.32,4.47,0.23,0.06
hsa-miR-125b-5p,19.19,1.03,0.41,32.77,5.14,0.67,74.34,0.79,32.75,3.41,0.16
hsa-miR-1260a,12.37,0.17,0.07,6.29,0.73,0,2.91,0.42,4.89,0.58,0.12
hsa-miR-1260b,12.53,0.05,0.02,6.58,0.71,0,2.37,0.32,4.8,0.56,0.14
hsa-miR-1261,0.83,0,0,0,0,0,0,0,0,0,0
hsa-miR-1262,3.26,4.28,2.34,0.47,0,0.37,1.12,0.09,0.13,0.02,0.05
hsa-miR-126-3p,6.46,0.09,0.23,2.91,0.74,0,5.8,0.04,1.56,0.32,0
hsa-miR-126-5p,2.75,0.19,0,1.73,0,0,0.48,0.04,0.65,0.19,0.04
hsa-miR-1266-5p,0.91,0.18,0,0.03,0,0,0.08,0.03,0.13,0,0
hsa-miR-1268a,3.59,0.12,0.1,0.09,0.25,0,0.03,0.05,0.57,0,0
hsa-miR-1268b,3.49,0.09,0.07,0.09,0.25,0,0.03,0.02,0.57,0,0
hsa-miR-1269a,0.13,0.15,0,0.08,0,0,0,0,0.08,0,0
hsa-miR-1270,0,0.14,0.3,0.05,0.18,0,0.26,0,0,0,0
hsa-miR-1271-3p,0.37,0.08,0.05,0,0,0,0,0.03,0.01,0,0
hsa-miR-1271-5p,2.98,0.17,0.13,0.3,0,0,0.17,0,0.12,0.06,0.07
hsa-miR-1273c,1.09,0.07,0.13,0.22,0,0,0,0.09,0.01,0,0
hsa-miR-1275,0.77,0.4,0.15,0.02,0,0,0,0,0.12,0,0.01
hsa-miR-1276,0.14,0.46,0.94,0.17,0.31,0,0.43,0.19,0.03,0,0
hsa-miR-1277-3p,0.48,0,0,0.34,0,0,0.23,0,0.32,0,0
hsa-miR-1278,0.79,0,0,0.17,0,0,0,0,0.06,0,0
hsa-miR-128-1-5p,1.03,0.88,0.08,0.35,0.32,0.57,0,0.08,0.14,0,0
hsa-miR-128-3p,114.78,23.72,9.74,26.39,10.34,1.14,31.1,1.31,24.45,2.09,0.36
hsa-miR-1285-3p,0.69,0.49,0.55,0.01,0,0,0,0,0.13,0,0
hsa-miR-1286,0,0.17,0,0,0,0,0,0,0,0,0
hsa-miR-1290,1.33,19.01,45.84,2.3,28.85,0.8,1.42,1.15,0.15,0.03,2.81
hsa-miR-1291,0.8,4.12,1.2,0.8,3.15,0.22,1.1,0.51,0,0,0
hsa-miR-1292-3p,0,0.18,0,0.02,0,0,0,0,0.01,0,0
hsa-miR-1292-5p,9.41,1.45,0.99,0.73,0.49,0.03,0.73,0.79,0.72,0,0
hsa-miR-1294,0.46,0.01,0,0.05,0,0,0.07,0,0.03,0,0
hsa-miR-1295a,0.52,0.27,0.36,0.01,0,0,0,0,0.01,0,0
hsa-miR-129-5p,0.04,0.14,0,0.03,0.32,0,0,0.04,0,0.01,0
hsa-miR-1296-3p,0,0.12,0.07,0,0,0,0,0,0,0,0
hsa-miR-1296-5p,6.56,0.72,1.04,0.53,0,0.11,0.74,0.02,0.16,0.03,0.04
hsa-miR-1297,0.5,0.18,0.81,0,0.16,0,0,0,0,0,0.05
hsa-miR-1299,0,0.37,0,0.01,0,0,0,0,0,0.04,0
hsa-miR-1301-3p,35.86,40.5,68.05,4.32,15.32,1.27,13.91,16.14,1.61,0.05,0.01
hsa-miR-1303,10.18,1.78,0.83,0.61,1.5,0.2,0.65,0.13,0.4,0.02,0
hsa-miR-1304-3p,13.83,6.3,2.96,0.98,0.24,0.09,2.79,0.02,0.39,0.06,0
hsa-miR-1304-5p,0.74,1.45,0.97,0.01,0,0,0,0,0.07,0,0
hsa-miR-1306-3p,1.75,7.59,4.07,0.09,0.2,0,0.11,0.02,0.04,0.05,0
hsa-miR-1306-5p,0,0,0,0,0,0,0.2,0,0.6,0.02,0
hsa-miR-1307-3p,37.96,15.03,13.69,2.18,3.47,0.46,5.9,4.96,2.85,0.36,0.03
hsa-miR-1307-5p,28.88,110.23,75.07,9.93,45.19,4.1,16.15,11.29,0.84,0.16,0.13
hsa-miR-130a-3p,0.22,0.54,1.04,0,0.57,0,0.05,0.06,0,0,0
hsa-miR-130b-3p,470.84,3380.17,5532.65,54.41,355.98,26.26,213.56,374.7,1.92,0.46,1.92
hsa-miR-130b-5p,10.95,0.22,0.07,2.49,4.39,0,19.68,0,15.54,1.87,0.02
hsa-miR-1321,0,0.4,0.23,0.1,2.47,0,0.16,0,0,0,0.01
hsa-miR-132-3p,20.81,3.37,1.61,4.55,1.4,0,6.47,0.17,2.54,0.21,0.05
hsa-miR-132-5p,1.09,0.06,0.1,0.28,0,0,0.07,0,0.1,0.08,0
hsa-miR-133a-3p,0.23,0.7,0.17,0.19,0,0,0.08,0,0.01,0,0
hsa-miR-1343-5p,0.05,0.19,0.22,0,0,0,0,0,0.03,0,0
hsa-miR-135a-5p,0.1,0,0,0.13,0,0,0.29,0,0.03,0.01,0
hsa-miR-135b-3p,3.87,2.25,2.01,1.62,0.72,0,0.14,0.36,0.39,0.12,0
hsa-miR-135b-5p,533.36,3.02,1,208.9,12.89,0,114.76,0.37,100.01,13.27,0.61
hsa-miR-138-5p,0,0.03,0.16,0,0,0,0,0,0,0.02,0
hsa-miR-139-5p,0.79,0,0,0.11,0.43,0,0,0,0.23,0,0.02
hsa-miR-1-3p,6.78,3.53,6.78,4.9,16.89,2.13,10.13,1.55,2.87,0.25,0.39
hsa-miR-140-3p,158.22,14.83,8.43,17.14,17.39,1.16,23.67,1.42,6.42,1.31,0.36
hsa-miR-140-5p,15.79,0,0,1.71,0.53,0,0.46,0,0.75,0.06,0
hsa-miR-141-3p,2261.33,155.5,42.06,534.32,71.4,2.86,302.97,9.34,286.57,41.45,2.45
hsa-miR-141-5p,24.44,7.27,0.72,3.42,0,0,6.29,0.06,1.75,0.19,0.01
hsa-miR-142-3p,311.64,1.24,0.37,31.21,4.63,0,31.79,0.06,18.6,3.4,0.04
hsa-miR-142-5p,429.24,18.61,3.46,87.42,9.11,0.44,67.39,0.79,35.02,6.28,0.4
hsa-miR-143-3p,0.63,0.46,0.45,0.02,0.4,0,0.42,0.13,0,0,0
hsa-miR-144-3p,0.23,0.02,0.02,0.01,0,0,0.02,0,0.01,0,0
hsa-miR-144-5p,0.23,0.08,0.02,0,0,0,0,0,0.01,0,0
hsa-miR-1468-5p,1.25,0,0,0.18,0.24,0,0.37,0,0.21,0.02,0
hsa-miR-1469,0.07,0.83,0.37,0.15,0.44,0.04,0.12,0.09,0.03,0.02,0.01
hsa-miR-146a-3p,0.12,0,0,0.38,0,0,0,0,0.12,0.02,0
hsa-miR-146a-5p,30.22,13.98,3.07,139.71,25.38,4.9,178.99,6.01,49.5,5.31,0.94
hsa-miR-146b-3p,0.87,0.04,0,0.09,0,0.06,0.07,0.03,0.22,0,0
hsa-miR-146b-5p,102.38,0.78,0.62,20.48,2.98,0.4,15.25,1.25,19.42,1.3,0.05
hsa-miR-147b-3p,1.97,1.45,0.08,0.58,0.24,0,0.14,0.06,0.04,0,0
hsa-miR-147b-5p,1.84,0.2,0,0.22,0,0,0,0,0.11,0.07,0
hsa-miR-148a-3p,2660.65,1919.51,341.52,291.48,189.38,9.47,618.68,12.72,130.11,25.1,2.66
hsa-miR-148a-5p,41.39,7.75,0.58,5.04,0.94,0,2.55,0.07,3.13,0.25,0.07
hsa-miR-148b-3p,228.04,116.59,38.5,36.6,28.64,1.21,73.49,2.1,16.66,3.48,0.45
hsa-miR-148b-5p,9.29,0.13,0,3.5,0,0,2.44,0,1.23,0.07,0
hsa-miR-149-5p,17.3,0.27,0,1.06,0.64,0,1.35,0,2.21,0.19,0.04
hsa-miR-150-3p,6.6,20.26,24.53,0.02,0,0,0,0,0,0,0
hsa-miR-150-5p,16.62,0.11,0,0.33,0,0,0.48,0,0.52,0,0.01
hsa-miR-151a-3p,662.47,192.26,247.8,110.74,46.19,5.17,137.37,11.14,89.7,9.72,0.66
hsa-miR-151a-5p,1433.42,23.93,5.26,206.61,20.61,0.72,233.77,2.6,211.84,13.17,1.85
hsa-miR-151b,47.31,12.08,2.46,7.78,3.65,0.47,12.44,1.15,5.21,0.45,0.91
hsa-miR-152-3p,15.6,22.51,4.73,3.06,2.53,0.12,7.82,0.36,0.75,0.22,0.02
hsa-miR-153-3p,0.19,0,0.08,0.32,0.41,0,0.34,0.09,0.16,0.07,0
hsa-miR-153-5p,0,0,0.1,0,0,0,0,0,0.1,0,0
hsa-miR-155-5p,29.98,0.86,0.17,0.57,1.91,0.12,1.26,0.1,0.7,0.07,0
hsa-miR-15a-3p,1.12,0,0,0.2,0,0,0,0,0,0,0
hsa-miR-15a-5p,489.4,1508.37,710.47,22.81,37.49,2.22,40.6,3.22,10.1,1.26,0.17
hsa-miR-15b-3p,67.48,11.49,1.25,17.51,3.92,0.37,26.03,0.05,3.51,1.55,0.14
hsa-miR-15b-5p,1482.93,272.2,56.46,268.82,23.3,2.42,272.76,1.6,41.88,5.52,0.8
hsa-miR-16-1-3p,0.52,0.52,1.01,0.01,0,0.11,0.25,0.11,0.07,0.02,0.02
hsa-miR-16-2-3p,403.44,61.73,21.71,28.11,6.2,0.33,39.99,0.6,19.13,2.2,0.18
hsa-miR-16-5p,3805.61,267.95,58.43,311.39,43.51,3.68,304.74,5.33,111.68,13.2,1.27
hsa-miR-17-3p,35.18,5.33,2.19,4.42,6.53,0.09,3.12,1.59,1.51,0.6,0.02
hsa-miR-17-5p,1501.6,48.05,23.01,148.18,16.31,0.12,160.88,1.14,73.36,13.03,0.8
hsa-miR-181a-2-3p,138.91,10.17,4.98,8.38,2.08,0,16.52,0.18,10.99,1.01,0.02
hsa-miR-181a-3p,52.28,2.07,1.92,1.62,0,0,1.51,0.24,0.75,0.14,0
hsa-miR-181a-5p,1139.9,270.14,82.29,102.91,150.7,8.44,164.34,42.19,48.32,6.21,1.2
hsa-miR-181b-2-3p,1.51,1.36,1.25,0.13,0,0,0,0.09,0.24,0.02,0
hsa-miR-181b-3p,2.92,0.47,0.59,0.1,0,0,0.49,0.16,0.12,0.02,0
hsa-miR-181b-5p,411.23,373.98,101.46,28.05,141.39,7.81,93.07,39.5,15.16,2.42,0.59
hsa-miR-181c-3p,15.96,0.41,0.55,2.39,0.49,0.03,2.23,3.99,1.87,0.22,0
hsa-miR-181c-5p,33.88,1.51,0.68,9.05,1.25,0.2,9.82,1.45,4.26,0.6,0.04
hsa-miR-181d-3p,0.35,0,0,0,0,0,0,0,0.04,0,0
hsa-miR-181d-5p,47.11,60.25,23.45,9.7,4.05,0.09,23.3,0.39,4.11,0.5,0.03
hsa-miR-182-3p,2.36,4.07,0.26,0.38,0.32,0,0.23,0,0.27,0.02,0.01
hsa-miR-182-5p,2099.67,159.65,100,538.09,111.89,4.92,604.04,14.1,744.28,43.29,2.87
hsa-miR-1827,0.2,0.8,0.71,0,0.08,0,0,0.03,0.02,0,0
hsa-miR-183-3p,16.6,8.29,8.9,2.42,3.15,0.09,4.92,2.39,1.64,0.12,0.03
hsa-miR-183-5p,917.59,25.06,24.69,236.54,47.47,3.84,273.95,33.62,301.19,18.31,3.1
hsa-miR-184,1.36,1.96,2.55,1.04,5.63,0.51,4.93,0.92,0.9,0.07,0.24
hsa-miR-1843,0.7,1.37,0.39,0.5,0.05,0,1.15,0.08,0.59,0.05,0.02
hsa-miR-185-3p,1.45,0.15,0.02,0.21,0,0,0.32,0,0.01,0.03,0
hsa-miR-185-5p,108.75,1.69,1.17,10.64,0.39,0.14,11.07,0.26,8.95,0.42,0.08
hsa-miR-186-5p,603.92,13.23,4.74,163.18,17.18,0,188.72,0.85,72.83,11.52,0.69
hsa-miR-188-3p,1.97,1.44,0.55,0.13,0,0,0,0,0,0.07,0
hsa-miR-188-5p,98.15,442.22,555.09,2.6,12.87,0.23,1.82,1.84,0.48,0.07,0.05
hsa-miR-18a-3p,6.2,4.72,3.89,7.35,63.45,1.71,27.4,10.66,2.55,0.31,0.18
hsa-miR-18a-5p,223.4,3.32,2.22,27.84,4.21,0,25.2,0,17.82,2.59,0.15
hsa-miR-18b-5p,2.63,2.75,1.62,0.3,0.16,0,0.15,0,0.17,0.1,0.01
hsa-miR-1908-5p,0.17,2.37,2.03,0.03,0.33,0.19,0,0.28,0,0,0
hsa-miR-1909-3p,0.2,0.15,0.05,0,0,0.03,0,0.03,0,0,0
hsa-miR-1909-5p,0.11,0.06,0.13,0.02,0.75,0,0,0.11,0,0,0
hsa-miR-190a-3p,1.41,0,0,0.19,0,0,0.24,0,0.17,0.02,0
hsa-miR-190a-5p,24.22,0,0,2.8,0,0,4.61,0.07,0.91,0.09,0.02
hsa-miR-190b-5p,0.22,0.2,0,0.1,0,0,0,0,0.13,0,0
hsa-miR-191-3p,7.7,0.23,0.11,0.82,2.36,0,1.05,0,0.94,0.08,0
hsa-miR-1914-3p,0.19,0.28,0,0,0,0,0,0,0,0,0
hsa-miR-191-5p,2085.71,244.2,214.64,401,171.27,14.38,571.47,52.13,481.43,25.66,4.14
hsa-miR-192-3p,43.91,1.55,0.51,3.45,0.52,0,3.6,0,1.7,0.23,0
hsa-miR-192-5p,19741.39,2394.48,1262.34,3043.14,456.47,41.45,3814.62,26.74,1968.53,196.72,25.96
hsa-miR-193a-3p,1.62,2.9,6.02,2.34,1.95,0.65,3,3.55,0.17,0.03,0.11
hsa-miR-193a-5p,48.69,766.15,606.3,1.33,70.99,7.62,10.56,20.76,1.64,0.09,0.27
hsa-miR-193b-3p,80.63,18.45,3.5,12.23,17.86,1.95,23,17.53,1.26,0.23,0.29
hsa-miR-193b-5p,28.21,146.69,110.41,0.92,13.34,1.31,5.27,4.68,0.86,0,0.15
hsa-miR-194-3p,57.6,1.46,0.61,5.91,1.13,0.03,7.85,0.3,11.43,0.83,0.02
hsa-miR-194-5p,18937.6,549.96,49.21,3905.49,488.67,7.57,4731.96,33.67,1693.37,338.21,13.62
hsa-miR-195-3p,0.71,0.02,0,0.18,0,0,0.43,0,0.21,0.02,0
hsa-miR-195-5p,16.19,0.22,0.12,1.4,0.59,0.12,1.72,0,1.04,0.04,0
hsa-miR-196a-1-3p,4.18,1.72,0.41,1.42,0.56,0,1.53,0,0.37,0,0.06
hsa-miR-196a-5p,924.1,164.58,20.66,39.01,11.8,0.07,59.24,0.71,19.34,1.85,0.18
hsa-miR-196b-3p,7.75,1.27,0.45,0.35,0,0,1.59,0,0.04,0,0
hsa-miR-196b-5p,1026.49,19.85,5.25,36.8,7.17,0.15,45.95,0.38,18.89,2.58,0.08
hsa-miR-197-3p,9.22,0.37,0.38,1.66,0.5,0,3.67,0,4.31,0.21,0
hsa-miR-197-5p,0.28,0.26,0.37,0.03,0,0,0,0,0.01,0,0
hsa-miR-1976,0.26,0.07,0.08,0.12,0,0,0,0,0.05,0,0
hsa-miR-199a-3p;hsa-miR-199b-3p,0.74,0.62,0.13,0.71,0,0.02,0.07,0,0.58,0,0
hsa-miR-199b-5p,0.08,0,0,0.52,0,0,0.34,0,0.17,0.09,0
hsa-miR-19a-3p,340.25,25.82,3.03,33.09,4.9,0.59,42.62,0.48,12.55,4.09,0.29
hsa-miR-19b-1-5p,4.68,0,0,0.48,0.38,0,0.37,0,0.03,0.05,0
hsa-miR-19b-3p,1190.19,44.85,9.54,138.51,16.92,0.34,110.38,0.99,32.1,12.77,0.88
hsa-miR-200a-3p,7368.11,776.13,131.85,1850.96,217.43,15.35,1896.98,16.79,732.62,112.47,11.53
hsa-miR-200a-5p,308.52,205.22,41.27,53.72,16.24,0.53,70.88,1.11,45.04,4.52,0.41
hsa-miR-200b-3p,21320.83,292.43,49.96,3042.1,498.42,2.16,4599.56,24.32,2968.32,301.59,15.72
hsa-miR-200b-5p,367.55,38.98,16.68,47.81,18.34,0.64,83.97,1.89,71.52,4.41,0.64
hsa-miR-200c-3p,7998.31,99.03,18.91,1021.7,200.7,0.65,1766.69,7.77,1096.68,114.27,8.09
hsa-miR-200c-5p,3.73,0,0.02,0.23,0,0,0.83,0.14,0.56,0.02,0
hsa-miR-203a-3p,4390.44,306.88,421.39,577.34,141.19,10.32,679.06,25.32,505.75,47.21,3.26
hsa-miR-203a-5p,4.85,0.36,0.05,0.84,0,0,1.03,0,0.66,0.1,0.02
hsa-miR-203b-3p,14.65,3.37,10.35,1.03,0.67,0.06,2.69,0.14,0.76,0.16,0.01
hsa-miR-204-3p,0.27,0.57,0.84,0.05,0,0,0,0,0.02,0,0
hsa-miR-204-5p,0,0,0,0.29,0,0,0,0,0.32,0.06,0
hsa-miR-205-5p,0.04,0.09,0.08,0.07,0.24,0,1.21,0.03,0.09,0.03,0.01
hsa-miR-208a-3p,0,0,0,0.03,0,0,0,0,0,0,0
hsa-miR-20a-3p,69.78,1.14,0,9.23,0.61,0,7.9,0,2.02,0.7,0.02
hsa-miR-20a-5p,2246.31,137.78,32.57,184.9,27.16,0.22,204.25,1.09,98.89,24.01,1.13
hsa-miR-20b-5p,0.47,0,0,0.1,0,0,0.03,0,0.01,0,0
hsa-miR-210-3p,24.27,42.1,18.89,17.64,17.8,2.54,40.36,18.61,4.35,1.74,0.21
hsa-miR-210-5p,0.28,0,0,0.1,0.48,0,0.59,0.03,0.73,0,0
hsa-miR-2110,19.01,24.81,12.08,0.76,1.22,0.04,1.02,0.37,1.89,0.09,0.03
hsa-miR-2116-3p,0.42,0,0,0.05,0,0,0.08,0,0.3,0,0
hsa-miR-2116-5p,0.33,0.97,0.64,0.05,0.2,0.13,0,0.05,0.08,0,0
hsa-miR-212-3p,0.4,0.16,0,0.24,0,0,0.78,0.16,0.07,0.06,0
hsa-miR-212-5p,0.3,0.02,0.17,0.15,0,0,0.07,0,0.13,0.03,0
hsa-miR-21-3p,145.03,226.79,179.22,18.9,8.95,1.08,12.69,1.43,11.73,1.52,0.02
hsa-miR-215-3p,0.91,0,0,1.77,0.14,0,2.6,0,0.64,0.14,0
hsa-miR-215-5p,186.47,50.66,37.19,98.89,23.59,1.55,140.36,2.48,32.49,5.52,0.95
hsa-miR-21-5p,75981.27,87940.86,48510.93,9001.35,1247.87,108.48,10259.54,239.31,5014.01,725.83,41.34
hsa-miR-219a-1-3p,0.85,0.08,0.13,0,0,0,0,0.16,0,0,0
hsa-miR-219a-5p,0.77,0.02,0.23,0.03,0,0.12,0,0,0.05,0,0
hsa-miR-219b-5p,0.04,0,0,0,0,0,0,0,0.05,0,0
hsa-miR-221-3p,10895.47,6375.45,3161.83,597.17,326.56,36.5,960.06,85.35,130.59,20.87,5.9
hsa-miR-221-5p,56.23,0.26,0.03,6.95,1.02,0,5.62,0.06,7.84,0.61,0.04
hsa-miR-222-3p,3669.07,1738.27,462.24,238.14,74.36,3.8,360,6.45,198.49,18.22,1.35
hsa-miR-222-5p,14.68,0.11,0,2.77,0.16,0.09,3.56,0,3.4,0.07,0
hsa-miR-223-3p,1.64,0.01,0.13,0.02,0,0.05,0,0.11,0,0,0.01
hsa-miR-22-3p,2791.63,13899.4,16270.46,260.7,1351.61,133.03,871.12,1433.48,68.26,12.07,12.04
hsa-miR-224-3p,12.76,1.9,0.51,1.56,0,0.02,1.89,0.03,0.94,0.05,0.04
hsa-miR-224-5p,597.69,56.91,13.84,80.59,58.21,6.42,127.93,11.61,97.41,9.62,1.04
hsa-miR-22-5p,44.96,36.6,22.79,7.13,1.93,0.51,7.37,0.35,2.52,0.54,0.09
hsa-miR-2276-3p,3.23,5.75,4.08,0.32,2.37,0.07,1.41,0.26,0.16,0,0.01
hsa-miR-2276-5p,0,0,0,0,0.11,0,0,0,0.08,0,0
hsa-miR-2277-3p,0,0,0.2,0,0,0,0,0.02,0,0.1,0.03
hsa-miR-2278,1.07,0.13,0,0,0,0,0,0,0,0.02,0
hsa-miR-2355-3p,7.36,23.54,48.41,1.05,3.3,0.28,2.65,1.11,0.44,0.1,0.05
hsa-miR-2355-5p,5.84,0.28,0.1,0.86,0,0.03,0,0,0.03,0.16,0
hsa-miR-23a-3p,3134.35,991.77,1164.87,664.7,383.18,58.12,1089.96,123.76,466.92,44.87,19.63
hsa-miR-23a-5p,12.99,15.41,14.42,0.91,0.05,0.34,1.42,1.09,0.69,0,0.05
hsa-miR-23b-3p,3208.99,447.4,1016.37,398.74,249.04,24,593.61,95.01,315.32,24.6,10.16
hsa-miR-23b-5p,10.91,4.37,2.31,0.11,0,0,0.98,0.09,1.87,0.01,0
hsa-miR-23c,2.06,2.03,2.96,0.31,0.56,0,0.76,0.13,0.23,0.04,0.03
hsa-miR-24-1-5p,12.2,0.35,0.08,2.11,0.66,0.19,2.29,0.13,1.7,0.18,0.03
hsa-miR-24-2-5p,32.93,22.26,9.48,7.04,0.66,0.28,7.41,0.28,3.48,0.44,0.03
hsa-miR-24-3p,3999.45,8239.87,6650.31,846.31,1109.13,84.2,974.24,156.25,280.49,25.05,10.6
hsa-miR-25-3p,1497.27,342.33,148.83,115.86,671.09,35.14,345.45,139.41,91.16,18.28,1.78
hsa-miR-25-5p,82.23,7.03,5.62,2.51,0.99,0.13,3.05,0.4,2.87,0.09,0.01
hsa-miR-26a-1-3p,2.94,0.05,0.02,0.4,0,0,0,0,0.34,0.01,0.02
hsa-miR-26a-2-3p,2.42,0.24,0,0.75,0,0,0.91,0,0.54,0.03,0
hsa-miR-26a-5p,6103.06,48.54,15.56,705.33,93.84,1.85,826.25,4.62,565.88,42.45,4.53
hsa-miR-26b-3p,0.84,0.02,0.05,0.48,0,0,1.84,0,1.26,0.2,0.02
hsa-miR-26b-5p,2024.55,25.32,10.61,379.74,63.23,2.06,571.17,2.98,204.89,23.27,3.83
hsa-miR-27a-3p,1612.43,145.87,28.33,413.51,94.54,9.21,406.6,12.2,190.52,33.31,9.2
hsa-miR-27a-5p,17.99,0.36,0,2.13,0.96,0,1.66,0,1.84,0.17,0.03
hsa-miR-27b-3p,4878.83,155.16,34.74,700.86,90.03,3.43,570.12,8.17,419.26,51.58,6.64
hsa-miR-27b-5p,58.84,1.32,0.8,2.08,3.59,0,3.76,0.05,4.01,0.26,0
hsa-miR-28-3p,221.66,321.15,83,62.34,129.94,8.28,188.63,18.7,72.85,7.77,0.72
hsa-miR-28-5p,400.45,5.14,2.2,51.98,8.77,0.25,46.81,0.99,40.83,2.71,0.12
hsa-miR-296-3p,73.5,79.28,102.8,6.62,26.3,1.7,7.03,8.53,3.07,0.19,0.57
hsa-miR-296-5p,3.06,2.21,1.65,0.02,0.65,0,0.16,0,0.68,0.05,0
hsa-miR-29a-3p,11544.44,7462.87,5023.98,1268.76,633.69,138.77,1457.03,809.56,399.55,64.03,17.36
hsa-miR-29a-5p,11.9,5.76,2.36,1.1,0.07,0,1.4,0,0.2,0.14,0
hsa-miR-29b-1-5p,77.72,20.18,11.21,2.23,1.78,0.05,2.53,0.05,3.89,0.13,0
hsa-miR-29b-2-5p,0.06,0,0,0.21,0.4,0,0.32,0.13,0,0,0.01
hsa-miR-29b-3p,203.68,892.6,2237.82,250.52,346.04,90.25,411.55,496.75,10.97,2.1,7.15
hsa-miR-29c-3p,72.07,463.18,1123.08,130.32,173.89,45.1,210.81,248.88,4.62,1.35,3.57
hsa-miR-29c-5p,0.35,0,0,0.71,0,0,1.2,0,0.64,0.04,0
hsa-miR-301a-3p,1.31,0,0.05,0.13,0,0,0,0,0.06,0.01,0
hsa-miR-301a-5p,0.59,0.01,0.35,0.15,0,0,0,0,0.01,0,0
hsa-miR-301b-3p,2.08,0,0.05,0.18,0,0,0,0,0.26,0,0
hsa-miR-301b-5p,0.24,0,0,0,0,0,0,0,0.03,0,0
hsa-miR-3064-5p,0.29,0.49,0.25,0.01,0,0,0,0,0.02,0,0
hsa-miR-3065-3p,0.26,0.04,0,0.17,0,0,0.1,0,0.13,0,0
hsa-miR-3065-5p,3.76,0.79,0.13,1.37,0.66,0,3.62,0,0.73,0,0
hsa-miR-3074-3p,1.17,0,0,0,0,0,0,0,0,0,0
hsa-miR-3074-5p,0.55,0.02,0.03,0.06,0,0.31,0,0,0.1,0,0
hsa-miR-30a-3p,0.36,0.14,0.12,0.12,0.16,0.06,0.09,0.21,0.01,0,0
hsa-miR-30a-5p,2.6,1.11,0.69,1.14,1.37,0.02,2.18,0.32,0.58,0.18,0
hsa-miR-30b-3p,5.68,0,0.18,0.21,0,0,0.09,0,0.41,0,0
hsa-miR-30b-5p,582.75,1.61,0.38,160.09,18.04,0.12,329.36,0.97,71.16,12.81,0.69
hsa-miR-30c-1-3p,1.81,0.24,0.18,0.27,0,0,0.59,0.24,0.24,0,0
hsa-miR-30c-5p,141.41,1.1,0.21,170.08,18.96,0,525.67,0.73,158.87,21.7,0.41
hsa-miR-30d-3p,2.71,0.9,0.14,0.72,0.4,0,0.3,0,0.32,0.03,0
hsa-miR-30d-5p,2429.37,150.88,195.65,333.49,139.24,7.04,766.67,10,592.63,49.98,1.71
hsa-miR-30e-3p,127.8,1.51,0.84,19.44,3.89,0.06,28.9,0.45,10.96,2.27,0.08
hsa-miR-30e-5p,2344.91,527.67,186.22,449.82,89.42,8.49,420.24,9.71,169.47,26.81,1.43
hsa-miR-3115,0.29,0.71,0.03,0,0.4,0,0,0,0,0,0
hsa-miR-3116,1.22,0.37,0,0.13,0,0,0,0,0,0,0
hsa-miR-3120-3p,0.59,0.33,0,0.08,0,0,0,0,0,0,0
hsa-miR-3121-3p,0,0.22,0.41,0,0,0,0.52,0,0,0.01,0
hsa-miR-3124-5p,0.44,0.02,0,0,0,0,0.01,0.04,0,0,0.01
hsa-miR-3127-5p,1.03,2.71,0.89,0.14,0.16,0,0,0.22,0,0.02,0.01
hsa-miR-3128,0.51,0,0,0.06,0,0,0.3,0,0,0,0
hsa-miR-3130-3p,1.01,0.46,0.57,0.24,0.24,0,0.17,0.39,0.06,0.05,0.01
hsa-miR-3130-5p,1.27,0.04,0.05,0.04,0,0,0.35,0,0.03,0,0
hsa-miR-3131,0.74,4.88,7.7,0.17,1.23,0,0.54,0.64,0,0,0
hsa-miR-3133,0,0.06,0.07,0.17,0,0,0.3,0,0.01,0,0
hsa-miR-3136-5p,0.6,0.05,0,0.07,0,0,0.08,0,0,0.01,0
hsa-miR-3140-3p,2.47,2.42,0.51,0.04,0,0,0,0,0.03,0,0
hsa-miR-3140-5p,0.6,0.21,0.39,0.05,0.07,0,0.45,0.05,0.01,0,0.01
hsa-miR-3143,1.75,0.61,0.52,0.19,0,0,0.57,0,0.04,0,0
hsa-miR-3144-3p,0.1,0,0.07,0.25,0,0,0.35,0,0.19,0.02,0
hsa-miR-3144-5p,0.15,0.02,0.1,0,0.02,0.03,0.42,0.12,0.08,0,0.04
hsa-miR-3145-3p,0.21,0.02,0.38,0.08,0,0,0.11,0,0,0,0
hsa-miR-3145-5p,0.48,0.04,0.17,0,0,0,0,0,0.06,0,0
hsa-miR-3146,0.08,0.7,1.76,0,0,0,0,0.07,0,0,0
hsa-miR-3149,0,0.21,0.07,0,0,0,0,0,0.01,0,0
hsa-miR-3150a-5p,0.06,0,0,0.06,0.08,0,0,0,0,0,0
hsa-miR-3150b-3p,1.36,3.55,2.03,0,1.6,0,0,0.11,0.05,0,0
hsa-miR-3150b-5p,0.22,2.19,1.95,0.06,0.92,0,0.05,0.03,0.01,0.02,0
hsa-miR-3155a,0.07,0.19,0.19,0.03,0,0,0.22,0,0,0,0
hsa-miR-3157-3p,0.19,0.45,0.41,0,0,0,0,0,0,0,0
hsa-miR-3158-3p,0.07,0.15,0.46,0,0,0,0,0.27,0.22,0,0
hsa-miR-3158-5p,0,0.22,0,0.06,0,0,0.24,0.02,0.06,0,0
hsa-miR-31-5p,0.29,0,0,0.14,0,0,0.69,0,0.07,0.04,0
hsa-miR-3160-3p,0.49,0.33,0.25,0.06,0.08,0,0,0.12,0,0,0
hsa-miR-3161,0.41,1.17,0.68,0.18,0.38,0,0,0.03,0.03,0.04,0
hsa-miR-3162-5p,0.25,1.01,1.13,0.15,0,0,0.57,0.03,0,0,0
hsa-miR-3164,0.41,0.45,0.57,0,0,0,0.05,0.11,0,0,0
hsa-miR-3168,1.18,0.27,2.17,0.39,2.77,0.49,3.17,3.19,1.18,2.42,0.06
hsa-miR-3173-3p,0.68,0.18,0.43,0.09,0,0,0,0.07,0.1,0,0
hsa-miR-3173-5p,0.26,0.05,0,0.11,0,0,0.5,0.04,0.46,0.06,0
hsa-miR-3174,0.64,0,0,0.01,0,0,0,0,0,0,0
hsa-miR-3176,0.08,0.34,0.1,0,0,0,0,0,0,0,0
hsa-miR-3177-3p,0.92,1.71,3.45,0.38,0.47,0.12,0.48,1.75,0.03,0,0
hsa-miR-3179,0.05,0,0,0,0,0,0,0.03,0.01,0,0
hsa-miR-3180,12.42,43.64,14.38,2.81,24.75,1.08,4.12,3.72,0.19,0.06,0.28
hsa-miR-3180-3p,18.63,65.46,21.56,4.22,37.14,1.61,6.15,5.59,0.27,0.11,0.45
hsa-miR-3180-5p,0.11,0.35,0.14,0.23,1.12,0,0.51,0.13,0.51,0,0
hsa-miR-3182,15.95,0.07,0,0.87,1.37,0,0.4,0,1.13,0.33,0.03
hsa-miR-3185,0,0,0,0.03,0,0,0,0,0,0.03,0.01
hsa-miR-3186-3p,0,0.01,0,0.59,0,0,0,0,0.05,0,0
hsa-miR-3187-3p,0.16,1.73,0.92,0.1,0.57,0.05,0.07,0,0.08,0,0
hsa-miR-3187-5p,0,0.06,0.2,0,0,0,0,0,0.01,0,0
hsa-miR-3189-3p,0.19,0.32,0.12,0,0,0,0,0,0,0,0.03
hsa-miR-3190-3p,0.04,0.69,2.5,0.05,0.48,0.06,0.3,0.14,0,0,0
hsa-miR-3191-3p,0.23,0.16,0.14,0,0,0,0,0,0,0,0
hsa-miR-3193,0.34,2.37,2.28,0,0,0,0,0,0.01,0,0
hsa-miR-3198,0,0.04,0.07,0,0,0,0,0,0,0,0
hsa-miR-3199,0.18,0,0.68,0,0,0,0,0,0.01,0,0
hsa-miR-3200-3p,1.06,0.22,0.03,0.24,0.48,0,0,0,0.01,0,0
hsa-miR-3200-5p,0.39,0.22,0.13,0.08,0,0,0.07,0,0,0,0
hsa-miR-320a-3p,6946.47,19791.06,20413.46,756.11,4215.87,499.24,1653.08,1426.88,227.53,9.97,39.34
hsa-miR-320a-5p,0,0,0,0,0,0,0,0,0.06,0,0
hsa-miR-320b,2164.4,14329.96,22473.76,150.34,1499.41,101.85,432.55,611.06,8.21,0.96,9.33
hsa-miR-320c,1603.89,9854.91,11299.06,94.35,1012.74,59.33,303.23,390.7,4.92,0.62,7.13
hsa-miR-320d,1184.91,6959.74,7822.74,62.67,639.35,36.29,194.36,220.64,2.75,0.33,4.53
hsa-miR-320e,31.19,141.02,164.76,1.68,12.75,0.72,3.17,1.75,0.08,0,0.02
hsa-miR-32-3p,40.91,3.55,0.44,4.9,3.19,0.15,8.89,0.06,2,0.28,0.04
hsa-miR-324-3p,17.22,10.26,4.35,1.58,1.94,0.31,0.65,0.19,0.24,0,0.01
hsa-miR-324-5p,20.77,32.24,34.39,0.5,0.48,0.07,0.66,0.35,0.74,0.05,0
hsa-miR-32-5p,189.06,577.7,203.52,20.32,11.67,0.99,27.76,0.41,7.72,1.46,0.1
hsa-miR-326,4.59,7.27,2.58,0.13,1.14,0.12,0.42,0.17,0.08,0.02,0.01
hsa-miR-328-3p,1.13,2.77,0.74,0.96,6.32,0.68,5.05,1.68,1.04,0.09,0.03
hsa-miR-330-3p,21.38,3.97,3.48,2.96,11,0.29,5.79,0.62,2.05,0.16,0.03
hsa-miR-330-5p,4.2,0.23,0.1,0.65,0.24,0,1.11,0.13,0.35,0.13,0.03
hsa-miR-331-3p,17.35,0.02,0.13,3.09,0.18,0,3.33,0,3.58,0.25,0
hsa-miR-331-5p,19.16,34.84,16.57,2.4,7.48,0.73,4.24,0.31,1,0.09,0.04
hsa-miR-335-3p,107.76,241.64,85.36,80.62,331.95,19.73,181.74,46.69,37.23,5.58,1.25
hsa-miR-335-5p,2743.77,9952.94,10965.04,509.87,4386.62,362.84,1975.31,1098.56,118.76,11.25,44.72
hsa-miR-338-3p,37.86,8.54,2.12,4.31,1.83,0,7.99,0.29,2.31,0.28,0.03
hsa-miR-338-5p,232.35,874.86,325.05,9.16,7.25,0.02,22.08,0.72,4.3,0.65,0.03
hsa-miR-339-3p,54.02,27.59,17.51,9.25,20.3,0.87,5.11,1.73,3.89,0.41,0.16
hsa-miR-339-5p,57.72,3.99,2.72,16.78,15.68,3.19,26.64,24.4,13.18,1.9,0.25
hsa-miR-33a-3p,2.68,0.2,0.1,0.33,1.2,0,0.12,0,0.21,0.07,0
hsa-miR-33a-5p,20.49,3.6,0.75,4.53,1.91,0.15,5.88,0.43,1.31,0.42,0.01
hsa-miR-33b-3p,2.94,0,0,0.09,0,0,0.13,0,0.18,0,0
hsa-miR-33b-5p,0.81,0.2,0,0.06,0,0,0.08,0.21,0.26,0.04,0
hsa-miR-340-3p,0.53,0,0,0.79,0,0,0.4,0,0.7,0.05,0
hsa-miR-340-5p,19.64,21.6,11.1,10.54,8.98,0.67,15.59,0.74,6.29,0.82,0.12
hsa-miR-342-3p,0.29,0,0,0.02,0,0,0,0.11,0.01,0,0.01
hsa-miR-342-5p,0,0,0,0.19,0,0,0,0,0,0,0
hsa-miR-345-3p,0.23,0.02,0,0.03,0,0.28,0.16,0.05,0.03,0,0
hsa-miR-345-5p,410.12,104.71,15,58.21,35.23,3.85,53.89,8.39,31.69,1.8,0.52
hsa-miR-34a-3p,1.99,0.4,0,0.14,0,0,0,0,0.01,0.02,0
hsa-miR-34a-5p,12.92,9.14,4.5,2.99,2.39,0.23,2.63,0.35,1.14,0.33,0.04
hsa-miR-3605-3p,0.14,0,0,0.01,0,0,0.19,0,0.34,0,0
hsa-miR-3605-5p,1.64,4.1,4.21,0.23,3.69,0.12,0.41,0.24,0.13,0,0
hsa-miR-3609,4.3,0.21,0,3.45,0,0,0.68,0,0,0,0.02
hsa-miR-3611,0.41,1.36,3.3,0.39,0.05,0.09,0.15,0.22,0.01,0,0.01
hsa-miR-3613-3p,0.04,0,0,0.04,0.02,0,0.05,0,0.08,0,0
hsa-miR-3613-5p,171.26,28.49,2.44,27.24,2.24,0.03,9.68,0.02,9.19,1.29,0.04
hsa-miR-361-3p,51.37,0.16,0,14.48,2.13,0.52,20.32,0.6,24.14,1.93,0.06
hsa-miR-3614-3p,0,0,0,0.06,0,0,0,0,0.03,0,0
hsa-miR-3614-5p,0.32,0.14,0.02,0,0,0,0,0,0,0,0
hsa-miR-3615,7.8,0.63,0.7,0,4.09,0.08,0.24,0.33,1.34,0.1,0.01
hsa-miR-361-5p,664.48,815.73,406.02,243.27,201.55,41.74,381.33,54.03,67.31,6.43,4.94
hsa-miR-3617-5p,0.5,0.33,0.02,0.86,0.4,0,0.48,0,0.66,0.07,0
hsa-miR-3621,0,0,0,0,0,0.04,0,0,0.09,0.27,0.81
hsa-miR-362-3p,189.27,197.31,200.91,16.3,12.07,2.2,17.05,3.22,3.44,0.67,0.35
hsa-miR-362-5p,537.75,18.9,23.27,23.75,4.95,0,31.27,0.03,12.6,2.44,0.21
hsa-miR-3652,0,0,0,0,0,0,0,0.14,0,0,0
hsa-miR-3654,0.09,0.1,0.18,0.05,0,0,0,0,0.01,0,0.01
hsa-miR-3657,0.19,0.32,0,0.01,0,0,0,0,0,0,0
hsa-miR-365a-3p;hsa-miR-365b-3p,11.13,1.51,0.19,3.59,0.72,0.25,4.13,0.81,2.89,0.21,0.01
hsa-miR-365a-5p,1.52,1.29,2.41,0.29,0.35,0,0.63,0.02,0.08,0,0
hsa-miR-365b-5p,0.91,0.29,1.15,0.02,0.77,0,0,0.24,0.05,0.03,0.01
hsa-miR-3660,0.04,0.1,0,0,0,0,0,0,0,0,0
hsa-miR-3663-3p,0.09,0.22,0,0,0.24,0,0,0,0,0,0
hsa-miR-3664-3p,0.45,0.1,0.22,0.05,0,0,0.41,0,0.05,0,0
hsa-miR-3677-3p,0,0.4,0.32,0.02,0,0,0,0,0,0,0.01
hsa-miR-3679-5p,63.13,345.18,656.01,8.89,84.57,4.81,23.35,22.47,0.5,0.02,0.34
hsa-miR-3682-3p,0,0.09,0.15,0,0,0,0.3,0,0,0,0
hsa-miR-3684,0.3,0.3,0.03,0.02,0,0,0,0,0,0,0
hsa-miR-3685,0,0.63,0.43,0,0,0,0,0,0,0,0
hsa-miR-3688-3p,0.83,0.13,0,0.1,0,0,0,0,0.2,0,0
hsa-miR-3689f,0,0.1,0,0,0,0,0,0,0,0,0
hsa-miR-3691-5p,0.25,0.12,0.28,0,0,0,0,0.03,0.01,0,0.01
hsa-miR-374a-3p,172.32,4.21,0.1,26.83,2.59,0,38.48,0.07,13.54,2.8,0.06
hsa-miR-374a-5p,1044.35,12.75,3.1,147.93,16.2,0.16,192.32,0.63,41.59,12.1,0.36
hsa-miR-374b-3p,22.12,0.64,0,2.26,0.13,0,2.72,0,1.83,0.1,0
hsa-miR-374b-5p,668.31,8.39,3.98,98.71,8.8,0.65,84.86,0.66,35.83,5.73,0.27
hsa-miR-374c-5p,1.55,0.04,0.13,0.31,0,0.09,0.41,0.02,0.2,0.02,0
hsa-miR-375-3p,481.13,474.33,89.01,370.58,1231.41,182.68,1117.12,693.12,609.81,66.34,12.13
hsa-miR-375-5p,0,0,0,0.33,0,0,0,0,0.18,0,0
hsa-miR-378a-3p,710.8,278.45,63.69,212.04,452.91,14.82,282.19,12.85,23.43,4.36,4.49
hsa-miR-378a-5p,3.91,1.24,0.75,0.32,0,0,0,0.07,0.12,0.02,0
hsa-miR-378b,0.04,0.04,0,0.03,0.01,0,0,0,0,0,0.01
hsa-miR-378c,25.91,27.05,4.03,16.59,119.32,5.33,49.08,6.45,0.64,0.27,0.3
hsa-miR-378d,17.27,13.56,2.32,10.52,44.22,4.44,37.64,10.72,0.4,0.11,0.15
hsa-miR-378e,1.41,1.85,0.43,0.78,3.19,0.14,1.74,0.41,0.03,0,0
hsa-miR-378f,0.26,0.96,0.21,0.75,0.24,0,0.12,0,0.07,0,0.03
hsa-miR-378i,0.16,0.12,0,0.02,0.26,0,0.03,0,0,0,0
hsa-miR-3909,3.07,0,0.15,0.63,0.47,0.06,2.16,0.57,0.12,0.04,0
hsa-miR-3911,1.37,10.55,15.77,0.02,3.3,0.08,0.75,0.89,0,0,0.07
hsa-miR-3912-3p,1.36,0.75,0,0,0,0,0,0,0.14,0.02,0
hsa-miR-3913-3p,0.16,0,0,0.29,0,0,0,0,0.01,0.01,0
hsa-miR-3913-5p,0.67,1.85,0.44,0.05,0.36,0,0,0.07,0.28,0,0.01
hsa-miR-3918,0,0.33,0.45,0,0,0,0,0.02,0,0,0
hsa-miR-3925-5p,0,0.57,0.35,0,0,0,0,0,0,0,0
hsa-miR-3928-3p,2.95,0.11,0.34,0.03,0,0,0.05,0,0,0,0
hsa-miR-3934-5p,7.03,10.17,3.26,0.3,0.62,0,0.56,0.08,0.09,0,0
hsa-miR-3937,0.42,0.11,0,0.21,0.8,0,0,0,0.3,0.03,0
hsa-miR-3939,0.13,0.08,0,0,0,0,0,0,0,0,0
hsa-miR-3940-3p,0.27,0.26,0.18,0,0,0,0.14,0,0.04,0,0
hsa-miR-3940-5p,0.31,0.03,0.1,0,0,0,0,0,0.03,0,0.01
hsa-miR-3942-5p,1.42,8.08,15.37,0.08,0,0,0.16,0.32,0.07,0,0
hsa-miR-3944-5p,0,0.27,0.02,0.06,0,0,0.09,0,0,0,0
hsa-miR-3960,0,0,0,0,0,0.06,0.3,0,0.02,0,0
hsa-miR-421,116.72,15.01,5.32,13.32,3.28,0.05,19.69,0.2,7.1,0.71,0.05
hsa-miR-422a,0.14,0.11,0.02,0.05,0.03,0,0.23,0,0.03,0,0
hsa-miR-423-3p,924.04,4309.1,2965.25,127.55,2796.06,77.9,303.33,267.45,75.54,5.41,2.01
hsa-miR-423-5p,2629.81,4217.34,4850.9,323.29,1284.89,237.94,554.15,399.73,61.86,1.85,22.25
hsa-miR-424-3p,0.15,0,0,0.36,0,0,1.19,0,0.12,0.02,0
hsa-miR-424-5p,0,0.01,0.13,0.33,0,0,0.23,0,0.16,0,0
hsa-miR-425-3p,44.82,15.8,9.38,11.76,10.02,1.73,8.45,2.02,5.73,0.67,0.12
hsa-miR-425-5p,1955.89,305.08,304.14,366.36,1519.85,76.32,651.26,348.39,266.85,33.41,6.47
hsa-miR-4259,0,0.08,0.12,0.08,0.24,0,0,0.06,0.02,0.05,0
hsa-miR-4284,0.1,0,0,0,0,0,0,0,0,0,0
hsa-miR-4286,1.01,0.07,0.15,0.68,0.08,0.22,1.11,0.09,0.33,0.09,0.03
hsa-miR-429,1793.97,34.61,9.18,624.28,49.46,0.48,597.13,2.39,333.29,42.72,2.98
hsa-miR-4306,0.37,0.24,0.4,0.11,0.11,0.03,0.11,0.06,0,0.01,0
hsa-miR-4326,0.93,0,0.05,0.36,0,0,0.89,0.28,0.28,0.06,0
hsa-miR-4428,0.24,0,0.08,0.1,0,0.04,0,0,0.01,0,0
hsa-miR-4429,1.34,14.55,17.91,0.15,0.69,0.1,0.1,0.23,0,0.01,0
hsa-miR-4436b-3p,0.11,0.34,0.18,0,0,0,0.11,0.07,0.1,0,0.01
hsa-miR-4436b-5p,0,0,0,0,0,0,0,0.11,0.09,0,0
hsa-miR-4440,0.31,0.23,0.04,0.04,0,0,0,0,0.07,0,0
hsa-miR-4442,0,0,0,0.01,0.36,0,0,0,0,0,0.01
hsa-miR-4443,1.12,0.47,0.08,0,0,0,0,0.02,0.08,0,0
hsa-miR-4446-3p,1.86,1.07,0.03,0.09,0.08,0,0,0.03,0.14,0,0
hsa-miR-4449,0,0.06,0.05,1.17,0,0,0.39,0,0,0,0.41
hsa-miR-4454,0.23,0.59,0,1.21,2.5,0,0.91,0.06,0.06,0.02,0
hsa-miR-4457,0.59,2.37,0.64,0,0.32,0,0.07,0.03,0.04,0,0
hsa-miR-4463,0.01,0.63,0.79,0,0,0,0,0.2,0,0,0.01
hsa-miR-4466,24.33,88.4,86.1,0.56,3.65,0.31,1.44,3.61,0.67,0.02,0
hsa-miR-4473,0.42,0,0,0.1,0.24,0,0,0,0.08,0,0
hsa-miR-4474-3p,2.07,8.52,3.76,0.2,1.4,0,0.3,0,0.1,0.02,0
hsa-miR-4479,0,1.15,0.34,0,0,0.19,0,0.05,0,0,0.01
hsa-miR-4482-3p,0.21,0.23,0,0,0,0,0,0,0,0,0
hsa-miR-4482-5p,0.33,0.07,0,0,0,0,0,0,0,0,0
hsa-miR-4484,0,0.16,0.18,0.1,0.08,0.25,0.16,0.06,0,0,0.1
hsa-miR-4485-3p,2.12,0.06,0.05,0,0,0,0.09,0.06,0,0.01,0
hsa-miR-4485-5p,0,0.45,0.17,0.01,0,0,0,0,0,0,0
hsa-miR-4488,7.2,1.02,0.85,0.06,2.1,1.13,0.04,3.93,0.17,0.05,0.01
hsa-miR-4492,0.56,1.02,0.52,0,0.27,0.06,0.01,1.18,0,0.03,0
hsa-miR-4497,1,0.01,0.1,17.72,0,0.02,12.02,0.09,1.04,0.25,10.96
hsa-miR-4498,0.09,0,0,0.02,0,0.06,0,0,0,0,0
hsa-miR-449b-3p,0.19,0,0,0,0,0,0,0,0,0,0
hsa-miR-4508,0.77,0.71,1.01,0.21,1.86,0.06,0.04,0.55,0.37,0.01,0
hsa-miR-4510,0.15,0,0,0,0,0,0.02,0,0,0,0
hsa-miR-4516,4.52,0.47,0.56,0.23,16.46,0.39,0.69,8.4,0.07,0.04,0.07
hsa-miR-451a,2.17,1.05,0.17,0.22,0.49,0.25,0.95,0.05,0.07,0.02,0
hsa-miR-4521,0,0.51,0.08,0,0,0,0,0.06,0.09,0,0
hsa-miR-4525,0.36,0.26,0.07,0.02,0,0,0.02,0,0.01,0,0
hsa-miR-452-5p,165.36,753.26,1918.26,24.33,103.02,2.03,44.09,4.32,6.66,1.18,0.39
hsa-miR-454-3p,74.28,0.28,0,4.69,2.21,0.16,6.74,0.07,3.07,0.1,0.01
hsa-miR-454-5p,1.71,0,0,0.29,0,0,0.21,0,0.59,0,0
hsa-miR-455-3p,0.4,0,0,0.39,0,0,0,0,0.62,0.1,0
hsa-miR-455-5p,0.1,0,0.03,0.24,0,0,0,0,0.04,0,0
hsa-miR-4632-5p,0.31,0,0,0,0,0,0,0,0,0,0
hsa-miR-4635,0.15,0.08,0,0.05,0,0,0,0,0.01,0,0
hsa-miR-4636,26.01,3.49,4.38,1.01,0.45,0,1.79,0.03,0.17,0.06,0
hsa-miR-4637,0.64,0.04,0,0,0,0,0,0,0,0,0
hsa-miR-4639-5p,0,0.45,0,0.01,0,0,0,0,0,0,0
hsa-miR-4640-3p,0.47,0,0,0,0,0,0.16,0,0.17,0,0
hsa-miR-4644,0.04,0.14,0.39,0,0,0,0.11,0,0,0,0
hsa-miR-4647,0.08,0.16,0.27,0.01,0,0,0,0,0.03,0,0
hsa-miR-4648,0.17,0.41,0.29,0.04,0,0,0,0.13,0,0,0
hsa-miR-4651,0.19,0,0,0,0,0,0,0,0.06,0,0
hsa-miR-4652-5p,0.13,0,0,0,0,0,0,0,0.01,0,0
hsa-miR-4653-3p,0.09,0.11,0.13,0,0,0,0,0,0,0,0
hsa-miR-4654,0.21,0.01,0.03,0,0,0,0,0,0,0,0
hsa-miR-4655-5p,0.12,0.02,0.03,0.1,0.08,0,0,0,0,0,0
hsa-miR-4658,0.35,0.04,0,0.11,0,0,0,0,0,0,0
hsa-miR-4659a-3p,0.51,0.01,0,0.16,0,0,0.51,0,0.03,0,0
hsa-miR-4659a-5p,0.04,0.87,1.47,0.1,0.44,0,0,0.09,0.03,0,0
hsa-miR-466,1.56,0,0,0.28,0,0,0,0,0.12,0,0
hsa-miR-4660,0,0.03,0.66,0,0,0,0,0,0,0,0
hsa-miR-4661-3p,0.3,0,0,0,0,0,0.23,0,0.01,0,0
hsa-miR-4661-5p,0.59,0.08,0.12,0.19,0,0,0,0.12,0.1,0,0
hsa-miR-4664-3p,0.3,1.55,0.14,0.14,0.57,0,0,0,0.05,0,0
hsa-miR-4664-5p,0.86,0,0,0.08,0,0,0,0,0.01,0,0
hsa-miR-4665-5p,0,0.33,0.34,0.01,0,0,0,0.06,0.03,0.02,0
hsa-miR-4667-5p,1.25,8.02,19.27,0.58,2.22,0.22,1.11,0.8,0.06,0,0.02
hsa-miR-4672,0.1,0.23,0.02,0.02,0,0,0,0.02,0,0,0
hsa-miR-4676-3p,0.6,0.11,0,0.01,0.11,0,0.11,0,0,0,0
hsa-miR-4676-5p,0.2,0.1,0,0,0.36,0,0,0,0,0,0
hsa-miR-4677-3p,0.3,1.79,2.23,0.05,0,0,0.41,0.09,0.17,0,0
hsa-miR-4684-3p,1.57,4.36,2.11,0.01,0.11,0.12,0.05,0,0.01,0,0
hsa-miR-4684-5p,0.8,0,0,0.04,0,0,0,0,0.01,0,0
hsa-miR-4685-3p,0.36,0,0.05,0,0,0,0,0.06,0,0,0
hsa-miR-4687-3p,0.4,0.99,2.29,0,0.49,0,0,0.09,0,0,0
hsa-miR-4688,0,0.2,0.19,0,0.64,0,0,0.03,0,0,0
hsa-miR-4689,0.53,1.59,2.79,0.02,1.34,0.15,0,0.09,0.03,0,0.01
hsa-miR-4690-3p,0.4,0.33,0.12,0.01,0,0,0,0,0,0,0
hsa-miR-4690-5p,0,0,0,0,0,0.2,0,0,0.01,0,0
hsa-miR-4704-3p,0.79,0.56,0.25,0.15,0,0,0.15,0,0.1,0,0
hsa-miR-4704-5p,0.73,0.14,0.1,0.2,0,0,0.27,0.19,0.07,0.01,0
hsa-miR-4706,0,0.19,0.08,0,0,0,0,0.06,0,0,0
hsa-miR-4707-3p,3.65,0.59,0.05,0.09,0,0,0.34,0.17,0,0,0
hsa-miR-4707-5p,1.27,0,0,0.02,0,0,0,0,0.03,0,0
hsa-miR-4708-3p,0.96,1.99,1.69,0.03,1.84,0.02,0.44,0.3,0.22,0,0
hsa-miR-4710,0.12,0.47,0.59,0,0.47,0.06,0,0.49,0,0,0
hsa-miR-4713-5p,0.79,0.12,0.07,0.09,0,0,0.62,0,0.32,0,0
hsa-miR-4716-3p,0.34,0.77,0.34,0,0,0,0,0,0,0,0.01
hsa-miR-4717-3p,0.67,0.22,0.02,0.04,0,0,0,0.03,0,0.02,0
hsa-miR-4721,0,0.12,0.33,0,0.38,0,0,0,0,0,0
hsa-miR-4723-5p,0.13,0,0,0,0,0,0,0,0,0,0
hsa-miR-4726-5p,0.27,0.31,0.08,0.03,0,0,0,0.06,0,0,0
hsa-miR-4727-3p,0,0.01,0,0,0,0.08,0,0,0,0,0
hsa-miR-4728-3p,1.08,0.27,0.27,0.35,2.92,0.06,2.11,0.09,0.18,0,0.02
hsa-miR-4733-5p,0.04,0.06,0.05,0.02,0,0,0,0,0.01,0,0
hsa-miR-4734,0,0,0.15,0.02,0,0,0,0,0,0,0
hsa-miR-4738-3p,0.14,0.18,0.82,0.03,0.24,0,0,0,0,0.02,0
hsa-miR-4739,0,0,0,0.08,0,0,0,0,0.03,0,0
hsa-miR-4741,0.15,1.04,1.35,0,0,0,0,0.16,0,0,0
hsa-miR-4742-5p,0.36,0,0,0.06,0,0,0,0,0.02,0,0
hsa-miR-4745-5p,0.2,0.06,0.2,0.01,0.24,0,0.15,0,0.01,0,0
hsa-miR-4746-5p,0.02,0.81,0.26,0.18,0.44,0,0,0,0.01,0.04,0.01
hsa-miR-4748,0,0.08,0.09,0,0,0,0,0,0.03,0,0
hsa-miR-4749-5p,0.25,0.02,0.38,0,0.08,0,0.11,0,0.01,0,0
hsa-miR-4750-5p,0.25,0.81,0.08,0,0,0,0,0,0,0.01,0
hsa-miR-4753-3p,0,0.05,0,0.14,0,0,0.23,0,0,0,0
hsa-miR-4753-5p,0,0.62,1.59,0,0,0,0,0.08,0,0,0
hsa-miR-4755-3p,0.71,3.05,7.08,0.12,0.65,0.03,0.1,0.55,0,0,0
hsa-miR-4755-5p,0,0.3,0.02,0.04,0,0,0.12,0,0.04,0,0
hsa-miR-4757-3p,0,0.24,0,0,0,0,0,0.15,0,0,0
hsa-miR-4766-3p,0.18,0.25,0,0,0,0,0,0,0,0,0
hsa-miR-4767,0,0.08,0.11,0,0,0,0,0,0,0.02,0
hsa-miR-4774-5p,0.46,0,0,0,0,0,0,0,0,0,0
hsa-miR-4775,0.24,0,0,0,0,0,0,0,0.01,0,0
hsa-miR-4780,0,0,0,0.12,0.88,0,0.34,0,0.55,0,0
hsa-miR-4787-3p,0,0,0.24,0,1.33,0,0,0,0,0,0
hsa-miR-4789-5p,0.02,0.17,0.04,0.15,0,0,0,0,0,0,0
hsa-miR-4791,0.66,0,0,0.05,0,0,0.25,0,0,0,0.03
hsa-miR-4796-3p,0.36,0,0,0,0,0,0.46,0,0.18,0,0
hsa-miR-4804-5p,0.32,0,0,0.05,0,0,0,0,0.02,0,0
hsa-miR-483-5p,3.76,14.06,46.18,0.72,4.19,0.32,0.93,2.66,0.08,0.04,0.16
hsa-miR-484,1377.65,7778.35,6465.33,69.86,2057.1,42.91,225.55,203.03,7.19,0.74,1.95
hsa-miR-486-5p,0.2,0.35,0.38,0.19,0,0,0.05,0.06,0.03,0,0
hsa-miR-489-3p,1.72,0.95,0.3,0.02,0,0,0.81,0.1,0,0,0
hsa-miR-491-3p,1.31,0.13,0.05,0.97,0.24,0,0.54,0.11,0.03,0,0
hsa-miR-491-5p,2.35,0.12,0,0.09,0,0,0,0.05,0.22,0.02,0
hsa-miR-492,0,0,0.03,0.21,0,0,0,0,0.06,0,0
hsa-miR-494-3p,0,0.17,0.21,0,0.14,0,0,0.09,0,0,0
hsa-miR-497-5p,10.56,18.69,3.86,0.51,0,0,0.34,0,0.19,0.03,0
hsa-miR-499a-3p,1.06,0.2,0.1,0.15,0.14,0,0,0,0.32,0,0
hsa-miR-499a-5p,84.15,169.34,62.22,10.88,1.72,0.06,10.82,0.19,4.92,0.63,0.03
hsa-miR-5001-3p,0.53,0.02,0,0.39,0,0,0,0,0.06,0,0
hsa-miR-5001-5p,0,0.14,0.09,0,0,0,0.06,0.04,0,0,0
hsa-miR-5002-5p,0.46,0.15,0.18,0.02,0,0,0,0,0.03,0.04,0
hsa-miR-5004-3p,0,0,0.41,0.06,2.04,0.06,2.23,0.3,0.26,0.07,0.04
hsa-miR-5006-5p,0,0.09,0.34,0.04,0.16,0.06,0,0.03,0.03,0,0
hsa-miR-5009-5p,0.33,0.51,0.18,0,0,0,0,0,0.01,0,0
hsa-miR-500a-3p,392.7,330.01,201.97,13.79,21.43,2.04,22.64,8.67,7.29,0.55,0.26
hsa-miR-500a-5p,107.19,39.65,50.47,7.26,8.18,0.91,6.92,3.66,2.32,0.34,0.11
hsa-miR-500b-3p,1.82,1.14,0.74,0.1,0,0,0,0,0.05,0,0
hsa-miR-500b-5p,2.15,0.7,0.87,0.14,0,0.03,0,0.03,0.06,0,0
hsa-miR-5010-3p,0.88,0,0,0.27,0,0,0.98,0,0.24,0.04,0
hsa-miR-5010-5p,0.65,0.01,0.75,0.01,0.01,0,0,0,0,0,0.02
hsa-miR-501-3p,217.6,260.26,112.58,4.27,8.38,1.43,10.62,4.33,4.57,0.19,0.51
hsa-miR-501-5p,19.7,1.46,0.38,1.3,8.45,0,0.77,0.48,1.06,0.28,0
hsa-miR-502-3p,571.99,649.49,661.32,23.8,27.52,4.9,50.55,16.61,7.7,1.02,1.43
hsa-miR-502-5p,41.99,10.07,16.94,1.53,0.45,0,2.41,0,0.47,0.03,0
hsa-miR-505-3p,62.16,6.37,1.29,16.81,3.41,0.12,36.44,0.67,15.62,1.58,0.2
hsa-miR-505-5p,7.25,0,0,0.44,0,0,0,0.03,0.58,0,0
hsa-miR-508-3p,0.06,0.48,0.07,0.07,0.16,0,0,0.07,0.39,0.02,0
hsa-miR-5090,0.34,0.07,0,0,0,0,0,0,0,0,0
hsa-miR-5092,0.04,0.14,0,0,0,0,0,0,0,0,0
hsa-miR-509-3-5p,0.71,0,0,0.11,0,0,0,0.06,0.01,0,0
hsa-miR-509-3p,1.4,1.72,1.51,0.47,0,0,0,0.22,0.18,0,0
hsa-miR-5094,0,0,0,0.05,0,0,0,0,0.09,0,0
hsa-miR-509-5p,0.18,0,0,0.21,0,0,0,0,0.03,0,0
hsa-miR-511-3p,0,0.18,0.36,0.07,0.2,0,0,0.09,0,0,0
hsa-miR-511-5p,0.23,0,0,0.13,0,0,0,0,0,0,0
hsa-miR-513a-3p,0,0.14,0,0.03,0,0,0,0.02,0.01,0,0
hsa-miR-513a-5p,0.44,0,0,0.14,0,0,0.22,0,0.21,0,0
hsa-miR-513b-5p,0.12,0,0,0.13,0,0,0,0,0.17,0.01,0
hsa-miR-513c-3p,0,0.09,0,0,0,0,0,0,0,0,0
hsa-miR-513c-5p,0.32,0.04,0.05,0.1,0,0,0.1,0,0.06,0,0
hsa-miR-514a-3p,1.38,0.52,0.08,1.52,0.3,0,1.14,0,0.54,0.08,0
hsa-miR-514a-5p,0.57,0.05,0,0.15,0,0,0.09,0,0.14,0.04,0
hsa-miR-516a-5p,0.04,0,0.03,0,0,0,0.18,0.03,0,0,0.06
hsa-miR-5187-5p,1.47,3.36,3.52,0.16,0.32,0,0.16,0.3,0.13,0.04,0
hsa-miR-532-3p,133.85,13.42,6.89,3.81,0.58,0.31,4.12,0.51,1.97,0.16,0.02
hsa-miR-532-5p,931.83,322.43,161.38,41.7,22.05,2.52,62.35,1.97,22.62,3.89,0.9
hsa-miR-545-3p,0.85,0.02,0,0.2,0,0,0,0,0.06,0,0
hsa-miR-548a-3p,0.12,0.02,0.02,0.24,0.42,0,1.13,0,0.13,0,0.01
hsa-miR-548a-5p,0,0.01,0,0.06,0,0,0.02,0,0,0,0
hsa-miR-548ad-5p;hsa-miR-548ae-5p,0.39,0.16,0,0.07,0,0,0,0,0.17,0,0
hsa-miR-548ae-3p,0.95,0.08,0,0.02,0,0,0,0,0.07,0,0
hsa-miR-548ah-3p,0.23,0,0,0,0,0,0.14,0,0,0,0
hsa-miR-548ai;hsa-miR-570-5p,0.97,0.47,0.23,0.23,0.16,0,0,0.02,0.06,0,0
hsa-miR-548aj-3p,1.25,0.45,0.13,0.05,0,0,0.09,0,0.07,0.03,0
hsa-miR-548al,0.3,0,0,0.09,0,0,0.09,0,0.06,0,0
hsa-miR-548am-3p,0.3,0,0,0,0,0,0,0,0,0,0
hsa-miR-548aq-5p,0.51,0,0,0.08,0,0,0,0,0.03,0,0
hsa-miR-548ar-3p,0.96,0.12,0,0.2,0.16,0,0.35,0,0.04,0,0
hsa-miR-548au-5p,0.3,0,0,0.23,0,0,0.16,0,0.05,0,0
hsa-miR-548av-5p,0.08,0.07,0.7,0.04,0.04,0.03,0.23,0.07,0,0,0.01
hsa-miR-548aw,0.4,0.57,0.43,0.14,0.8,0.46,0.19,0,0.06,0,0
hsa-miR-548ay-3p,0.32,0.06,0,0.03,0,0,0,0,0.06,0,0
hsa-miR-548ay-5p,1.17,0,0,0.01,0,0,0.09,0,0.01,0,0
hsa-miR-548az-5p,1.21,0.04,0.03,0.05,0,0,0.04,0,0.06,0,0
hsa-miR-548bc,2.06,0.19,0.05,0.4,0,0,0.46,0,0.1,0,0
hsa-miR-548d-3p,0.81,0.14,0,0.01,0,0,0,0,0,0,0
hsa-miR-548e-3p,10.43,0.51,0.02,1.19,0,0,0.75,0,0.88,0.11,0
hsa-miR-548e-5p,0.19,0,0.15,0.03,0.16,0,0,0.11,0.01,0,0
hsa-miR-548f-3p,0.72,0.28,0,0.05,0,0,0,0,0.01,0,0
hsa-miR-548i,0.17,0.19,0,0.13,0,0,0,0,0,0,0
hsa-miR-548j-3p,0.23,0.02,0,0,0,0,0,0,0,0,0
hsa-miR-548j-5p,0.83,0,0,0.11,0,0,0,0,0.05,0,0
hsa-miR-548k,10.28,1.63,0.94,1.3,0.04,0.03,1.86,0.07,0.39,0.07,0.04
hsa-miR-548l,1.05,0.23,0.07,0,0,0,0,0,0.01,0.02,0
hsa-miR-548n,0.98,0.59,0.05,0,0,0,0,0,0.18,0,0
hsa-miR-548o-3p,6.1,1.12,0.39,1.3,0,0,0.04,0,0.35,0.04,0.01
hsa-miR-548p,0.5,0,0,0,0,0,0,0,0.01,0,0
hsa-miR-548q,2.51,2.57,0.3,0.28,0.29,0,0.22,0.06,0.1,0,0
hsa-miR-548s,1.32,0,0,0.01,0,0,0,0,0.09,0,0
hsa-miR-548u,0.62,0,0.05,0.04,0,0,0,0,0,0,0
hsa-miR-548v,2.13,0,0,0.04,0,0,0,0,0.01,0,0
hsa-miR-548x-3p,55.87,8.59,1.33,3.46,0.16,0,3.06,0,2.85,0.37,0.03
hsa-miR-549a-3p,38.27,20.9,9.96,3.19,0.47,0.45,4.5,0.16,1.94,0.17,0.12
hsa-miR-549a-5p,9.09,0.31,0,0.36,0,0,0.05,0.11,1.03,0.02,0
hsa-miR-550a-3-5p,1.14,1.82,1.1,0.09,0.62,0,0.1,0.14,0.06,0,0
hsa-miR-550a-3p,0.37,0.17,0.03,0,0,0,0.09,0.18,0.03,0.02,0
hsa-miR-550a-5p,16.84,4.14,1.8,1.02,1.32,0.09,0.81,0.46,0.84,0.06,0
hsa-miR-550b-2-5p,0.24,0.02,0.08,0,0,0,0,0,0,0,0
hsa-miR-552-3p,25.77,0.04,0.25,3.34,0.64,0,4.28,0.06,0.92,0.39,0.04
hsa-miR-552-5p,23.04,15.59,1.6,15.05,5.23,0.78,19.33,0.61,2.89,0.87,0.07
hsa-miR-556-3p,1.4,0,0,0.33,0,0,0.83,0,0.23,0.07,0
hsa-miR-556-5p,4.38,0.01,0,0.27,0,0,0,0,0.22,0,0
hsa-miR-5580-3p,1.91,0.46,0.32,0.39,0,0,0,0,0.08,0,0
hsa-miR-5580-5p,0.51,0,0,0.06,0,0,0,0,0.03,0,0
hsa-miR-5581-3p,0,0.05,0.05,0,0,0,0,0,0.11,0,0
hsa-miR-5582-3p,0.62,0.92,0.63,0.11,0.32,0,0.3,0,0.07,0,0
hsa-miR-5583-3p,0.45,0,0,0,0,0,0,0,0.01,0,0
hsa-miR-5588-3p,0,0.12,0,0,0,0,0.19,0.05,0,0,0
hsa-miR-5588-5p,0.02,0.44,0.06,0,0.48,0,0,0,0,0,0
hsa-miR-559,1.16,0.05,0.25,0.58,0.23,0,0.27,0,0,0,0.04
hsa-miR-561-3p,3.62,4.43,0.78,0.53,0,0.02,0.61,0,0,0,0
hsa-miR-561-5p,1.1,0.28,0.02,0.03,0,0,0.24,0,0,0,0
hsa-miR-5695,0.19,0,0,0,0,0,0,0,0,0,0
hsa-miR-5696,0.49,0.02,0,0.05,0,0,0,0,0.06,0.02,0
hsa-miR-570-3p,1.3,0.48,0.03,0.35,0.64,0,0.32,0,0.04,0.05,0
hsa-miR-574-3p,15.39,0.57,0,12.66,4.17,0.34,45.78,0.25,11.79,0.85,0.05
hsa-miR-574-5p,66.46,131.93,171.64,10.58,11.66,1.51,20.15,4.23,9.75,0.35,0.08
hsa-miR-576-3p,14.87,29.13,11.44,1.05,2.05,0.14,0.7,0.49,0.43,0.11,0.01
hsa-miR-576-5p,3.59,0.01,0,1.24,0,0,0.43,0,1.03,0.25,0.01
hsa-miR-577,18.49,0.05,0.03,1.19,0,0,1.89,0.09,0.49,0.11,0
hsa-miR-579-3p,2.79,1.36,0.75,0.32,0,0.13,0.55,0.03,0.01,0.01,0
hsa-miR-579-5p,0.7,0.44,0,0.01,0,0,0,0.08,0,0,0
hsa-miR-580-3p,0.41,0,0,0.05,0,0,0.02,0,0,0,0.02
hsa-miR-582-3p,3.84,1.11,0.17,0.38,0,0,0.01,0,0.24,0.09,0
hsa-miR-582-5p,6.53,0.45,0,0.65,0,0,0.21,0,0.27,0.11,0
hsa-miR-584-3p,0.71,0.01,0,0.05,0,0,0,0,0.02,0.07,0
hsa-miR-584-5p,174.21,273.45,135.22,18.33,48.94,3.04,48.22,10.08,8.93,0.72,0.53
hsa-miR-589-3p,1.97,0.1,0.13,0.43,1.14,0,1.3,0,0.04,0.01,0.02
hsa-miR-589-5p,9.09,231.7,128.67,1.54,4.75,1.3,2.63,2.57,0.32,0.06,0.05
hsa-miR-590-3p,43.86,1.25,0,6.58,0.59,0,6.27,0.02,2.19,0.42,0.05
hsa-miR-590-5p,0.45,0.56,0.18,0.45,0.17,0.03,0.05,0.32,0.2,0.05,0
hsa-miR-592,82.84,243.51,50.76,0.29,0.25,0,0,0,0.27,0,0
hsa-miR-597-3p,0.47,0.04,0,0,0,0,0,0,0,0.01,0
hsa-miR-598-3p,9.13,0.02,0,0.51,0,0,1.45,0,0.35,0.02,0
hsa-miR-6073,0,0.11,0.66,0.03,0.5,0,0.51,1.19,0,0,0.16
hsa-miR-6126,0.08,0.13,0.15,0.85,0.13,0,0.49,0.49,0,0,0.05
hsa-miR-6129,0.03,0,0,0,0,0,0,0,0,0,0
hsa-miR-616-3p,1.09,0.29,0,0.05,0,0,0.19,0,0.17,0,0
hsa-miR-616-5p,0.27,0.02,0,0.11,0,0,0,0,0.06,0.07,0
hsa-miR-624-3p,0.77,0,0,0.08,0,0,0,0,0.01,0,0
hsa-miR-624-5p,3.58,0.2,0.1,0.19,0,0,0.51,0,0.2,0,0
hsa-miR-625-3p,88.11,65.33,55.88,40.15,183.43,6.4,78.76,9.27,12.88,1.48,0.26
hsa-miR-625-5p,4.92,0.29,0.83,1.18,0.43,0,1.65,0.09,0.6,0.07,0
hsa-miR-627-3p,0.2,0.05,0.1,0.01,0.05,0,0,0,0.01,0,0
hsa-miR-627-5p,20.27,122.59,237.37,4.75,25.36,1.41,5.66,14.13,0.02,0,0.06
hsa-miR-628-3p,1.72,0.23,0,0.45,0,0,0.27,0,0.17,0,0
hsa-miR-628-5p,1.85,0,0.08,0.39,0.32,0,0.89,0,0.14,0,0
hsa-miR-629-3p,11.43,1.35,0.76,0.67,0.07,0,1.19,0,0.23,0.04,0
hsa-miR-629-5p,314,1473.39,2370.41,38.59,203.73,12.22,89.82,75.1,3.31,0.42,1.65
hsa-miR-636,0.02,0.36,0.86,0,1.17,0,0.41,0.05,0,0,0
hsa-miR-641,11.18,0.06,0,0.26,0,0,0.18,0,0.44,0.04,0
hsa-miR-642a-3p,4.77,20.44,38.92,3.93,25.33,2.25,12.18,10.86,0.71,0,0.14
hsa-miR-642a-5p,0,0,0,0.15,0,0,0,0,0.54,0.02,0
hsa-miR-642b-3p,0.18,1.23,2.54,0.36,3.93,0.22,1.94,2.32,0.04,0,0
hsa-miR-643,1.71,0.22,0.03,0.22,0,0,0.21,0,0.17,0,0
hsa-miR-6505-5p,0.32,0,0,0.01,0,0,0.11,0,0.04,0,0
hsa-miR-6510-3p,0.05,0,0,0.02,0.72,0,0,0,0.06,0.02,0
hsa-miR-6510-5p,0.01,0.11,0.6,0.01,0,0,0,0.11,0,0,0
hsa-miR-6511a-3p,0.21,0,0,0.08,0,0,1.03,0,0.1,0.04,0
hsa-miR-6511b-3p,0.23,0,0,0.07,0.32,0,0.21,0,0.16,0.02,0
hsa-miR-6511b-5p,0.46,0.41,0.1,0.12,0,0,0,0.03,0.01,0,0.03
hsa-miR-6513-3p,0.56,0.02,0,0.1,0,0,0,0.05,0.11,0,0
hsa-miR-6513-5p,0.35,0,0,0.01,0,0,0,0,0,0,0
hsa-miR-6514-3p,0,0,0,0.02,0,0,0,0,0,0,0
hsa-miR-6514-5p,0.53,0,0,0.08,0,0,0,0,0.02,0,0
hsa-miR-6515-3p,0,0.22,0,0,1.57,0.06,0.29,0.16,0.03,0.02,0
hsa-miR-6515-5p,0.1,0.52,1.76,0.05,0,0,0,0.39,0.07,0,0
hsa-miR-651-5p,19.62,69.03,34.36,3.85,2.43,0.31,3.19,0.68,1.21,0.09,0.04
hsa-miR-6516-3p,0,0,0,0.3,0,0,0.3,0,0.11,0.04,0
hsa-miR-6516-5p,0.96,0.05,0.1,0.07,0,0,0.11,0,0.06,0.07,0
hsa-miR-652-3p,113.85,39.81,20.65,23.9,9.44,0.5,26.67,1.83,23.52,1.37,0.2
hsa-miR-652-5p,1.33,2.31,6.36,0.5,0.38,0,0.08,0.79,0.46,0,0
hsa-miR-653-3p,0.8,0,0,0.08,0,0,0,0,0.18,0,0
hsa-miR-659-3p,0,0,0.17,0,0,0,0,0,0,0,0
hsa-miR-660-3p,53.05,23.66,17.67,0.96,0,0,0.51,0.19,0.43,0.04,0
hsa-miR-660-5p,1326.4,2090.3,436.85,37.57,18.1,2.61,46.06,3,18.39,2.87,0.73
hsa-miR-663a,0.11,0.16,0.14,0.05,0,0,0,0,0,0,0
hsa-miR-664a-3p,2.78,0.16,0,2.92,0.08,0,5.91,0,3.89,0.3,0.01
hsa-miR-664a-5p,2.88,7.57,1.95,0.42,0.04,0.06,1.66,0.09,0.48,0,0.01
hsa-miR-664b-3p,0.32,0,0.03,0.25,0,0,0.53,0,0.12,0,0
hsa-miR-664b-5p,0.52,0.09,0,0.08,0.72,0,0.12,0.02,0.27,0.02,0
hsa-miR-671-3p,4.56,1.99,1.63,2.04,6.1,1.22,3.12,0.98,1.69,0.25,0.02
hsa-miR-671-5p,19.22,59.49,73.66,5.1,30.92,2.18,10.13,10.74,0.58,0.03,0.13
hsa-miR-6720-3p,0,0.05,0,0,0,0,0.04,0,0.01,0.03,0.04
hsa-miR-6724-5p,0.24,0.02,0,0,0.27,0,0,0,0.01,0,0.01
hsa-miR-6726-3p,0.17,0,0,0.01,0,0.19,0,0,0.17,0,0
hsa-miR-6727-5p,0.3,0.84,0.08,0,0,0,0,0.14,0,0.02,0
hsa-miR-6729-3p,0,0.47,0,0.03,0,0,0,0,0.08,0,0
hsa-miR-6732-5p,0.21,0,0.03,0,0,0,0,0,0,0,0
hsa-miR-6733-3p,0.12,0,0,0.03,0,0,0,0,0,0,0
hsa-miR-6734-5p,1.05,2.49,3.23,0.16,0.7,0,0.04,0.09,0.11,0,0.03
hsa-miR-6740-5p,2.2,11.08,30.82,0.18,4.5,0.32,0.3,0.99,0,0,0
hsa-miR-6741-5p,0.15,0.26,0.82,0.01,0.02,0,0,0.04,0.01,0,0
hsa-miR-6747-3p,0.58,0,0,0.1,1.68,0.28,1.78,0.11,0.13,0,0
hsa-miR-6747-5p,0,0.01,0.21,0,0,0,0,0,0.06,0,0
hsa-miR-6748-3p,0,0.1,0.08,0.07,3.32,0.1,0.31,0.38,0.53,0.07,0.06
hsa-miR-6750-3p,0.01,0.3,0,0.09,0,0,0.32,0.03,0.03,0,0
hsa-miR-6750-5p,0.04,0.07,0,0,0,0,0,0.02,0,0,0
hsa-miR-6752-5p,0,0,0,0,0,0,0,0,0.03,0,0.17
hsa-miR-675-3p,0.59,0.06,0,0.04,0.39,0,0.85,0.04,0.05,0,0
hsa-miR-6755-3p,0,0,0,0.02,0,0,0,0,0,0,0
hsa-miR-675-5p,2.11,0.61,1.04,1.33,2.81,0.03,1.23,2.65,0.38,0.07,0
hsa-miR-6761-5p,0.84,0.52,0.1,0.15,0.04,0,0,0,0,0,0
hsa-miR-6763-5p,1.49,5.19,11.87,0.55,2.96,0.04,0.85,0.94,0.04,0,0.04
hsa-miR-6764-5p,0.31,0.14,0,0,0,0,0,0,0,0,0
hsa-miR-6765-5p,0,0,0.21,0.07,0.93,0,0.26,0.6,0,0,0
hsa-miR-6768-5p,0,0.06,0.1,0,0,0,0,0,0,0,0
hsa-miR-6769a-5p,0.23,0.56,0.58,0,0,0,0,0.22,0,0,0
hsa-miR-6769b-5p,0,0,0.11,0,0.07,0,0,0.07,0,0,0.01
hsa-miR-6770-3p,0.16,0,0,0,0,0,0,0,0.04,0,0
hsa-miR-6774-5p,0,0.05,0.14,0,0,0,0,0.02,0,0,0
hsa-miR-6775-5p,0.24,0.38,0.33,0,0.55,0.28,0.27,0.06,0.13,0,0.09
hsa-miR-6777-3p,0.16,0,0.18,0,1.93,0,0.97,0.13,0.07,0,0
hsa-miR-6777-5p,0.23,0.19,0.03,0.09,0.01,0.11,0,0,0,0,0.01
hsa-miR-6778-3p,0,0,0.1,0,0,0,0,0,0,0,0.05
hsa-miR-6780a-5p,0,0.29,0,0,0,0,0.68,0,0,0,0
hsa-miR-6780b-5p,0.05,0.08,0,0.03,0,0,0,0,0,0,0
hsa-miR-6784-5p,0,0.08,0.74,0,0,0,0,0.03,0,0,0
hsa-miR-6785-5p,0,0.02,0.12,0,0,0,0,0,0.08,0,0
hsa-miR-6786-5p,0,0.12,0,0,0.16,0,0.05,0.03,0,0,0
hsa-miR-6787-3p,0,0.44,0.03,0,0.54,0.15,0,0.35,0.01,0,0
hsa-miR-6789-5p,0.05,0.36,0.59,0,0,0,0,0,0.01,0.03,0
hsa-miR-6793-3p,0.12,0,0,0.11,0,0,0.32,0,0.03,0,0
hsa-miR-6793-5p,0.29,0.02,0,0.08,0.33,0.04,0,0.05,0.05,0,0.03
hsa-miR-6796-5p,0.04,0.3,0.34,0,0.16,0,0,0.02,0,0,0
hsa-miR-6799-3p,0.14,0.05,0,0.24,0.24,0,0,0,0,0.01,0
hsa-miR-6800-5p,0.12,0.35,0.74,0.03,0,0,0.21,0,0.03,0,0
hsa-miR-6802-5p,0.05,0.07,0.17,0,0,0,0,0.03,0.01,0.14,0.02
hsa-miR-6803-3p,0,0,0,0.04,0,0,0.18,0,0.33,0,0
hsa-miR-6805-3p,0,0,0,0,0,0,0,0.03,0.12,0,0
hsa-miR-6805-5p,1.25,0.52,0.48,0,0,0,0,0,0,0,0
hsa-miR-6807-5p,2.51,4.78,4.4,0.01,0,0,0,0.02,0,0,0.01
hsa-miR-6812-5p,0,0.67,1.78,0.1,0,0.06,0,0.27,0.03,0,0
hsa-miR-6816-3p,0.58,0,0,0,0,0,0,0.11,0.03,0,0
hsa-miR-6818-5p,0,0.42,0.23,0,0,0,0,0,0,0,0
hsa-miR-6820-5p,0.58,0.27,0.81,0.04,0.14,0,0.05,0.06,0,0,0
hsa-miR-6821-5p,0.53,0.29,0.35,0,0,0,0,0,0.06,0,0.01
hsa-miR-6824-3p,1.24,0.12,0.15,0.04,1.51,0,0.39,0.17,0,0,0
hsa-miR-6824-5p,1.36,0.07,0.13,0.13,0,0,0,0,0.06,0,0
hsa-miR-6825-5p,0.3,0.02,0.09,0,0,0,0,0,0,0,0.02
hsa-miR-6826-5p,0.32,0.04,0.13,0.04,0,0,0.1,0,0.03,0,0
hsa-miR-6827-5p,0.17,0.17,0,0,0,0,0,0,0,0,0
hsa-miR-6829-5p,0.38,0.28,1.61,0,0,0,0.05,0.05,0,0,0
hsa-miR-6831-5p,0.11,0.25,0.32,0,0,0,0,0.07,0,0,0
hsa-miR-6832-5p,0.56,0,0,0.03,0,0,0,0,0.04,0,0
hsa-miR-6833-3p,0,0,0,0.06,0,0,0,0,0.01,0.06,0
hsa-miR-6833-5p,0.18,1.23,1.61,0.05,0,0.05,0,0.13,0,0,0
hsa-miR-6834-5p,0,0,0,0,0,0,0,0,0.08,0,0
hsa-miR-6836-3p,0,0,0,0.24,0,0,0,0,0,0,0
hsa-miR-6838-5p,0.16,0,0,0,0,0,0,0,0,0,0
hsa-miR-6840-3p,0.12,0.95,0.88,0,0,0,0,0,0,0,0
hsa-miR-6842-3p,0.22,0.91,0.43,0.07,0,0,0,0.13,0.14,0,0.01
hsa-miR-6845-5p,0,0.23,0.68,0.05,0,0,0,0.11,0,0,0
hsa-miR-6847-5p,0.3,0.02,0.12,0,0,0,0,0,0,0,0
hsa-miR-6850-5p,0,0.23,0.16,0,0,0,0,0.68,0,0,0.01
hsa-miR-6851-3p,0,0,0,0,0.37,0,0,0.06,0.01,0,0
hsa-miR-6851-5p,0.61,0.05,0.03,0.05,0,0,0,0,0,0,0
hsa-miR-6852-5p,0.04,0.13,0.48,0,0,0,0,0,0,0,0
hsa-miR-6853-3p,0.73,0.05,0,0,0.24,0,0.59,0,0.02,0,0
hsa-miR-6857-3p,0.16,0.17,0,0,0,0,0,0,0,0,0
hsa-miR-6858-5p,0.29,0,0,0.01,0.08,0,0.02,0,0.08,0,0
hsa-miR-6862-5p,0,0.45,1.21,0.01,0.14,0,0.05,0.03,0,0,0
hsa-miR-6865-5p,0.15,0.2,0.91,0,0.16,0,0,0,0,0,0.01
hsa-miR-6866-3p,0,0,0,0,0,0,0,0,0.08,0,0
hsa-miR-6866-5p,0,0.07,0,0.02,0,0,0,0,0,0,0
hsa-miR-6867-5p,0.38,4.76,6.17,0.13,6.06,0.05,0,1.62,0,0,0.01
hsa-miR-6868-3p,0.51,0.29,0,0.01,0,0,0.07,0.28,0.01,0,0
hsa-miR-6869-5p,0.25,0.31,0.69,0.22,0,0,0.36,0.18,0.12,0.05,0.01
hsa-miR-6871-5p,0.23,0.08,0,0,0,0.35,0,0.07,0.04,0,0
hsa-miR-6873-5p,0.25,0.3,0.42,0.01,0,0,0.09,0,0,0,0.01
hsa-miR-6874-5p,0,0,0,0.05,0,0,0,0,0,0,0.01
hsa-miR-6875-5p,0.16,0.16,0.35,0,0,0,0,0,0,0,0
hsa-miR-6877-5p,0.19,1.22,1.72,0.03,0,0,0,0.03,0.01,0,0
hsa-miR-6880-3p,0.12,0,0,0,0.16,0.12,0,0,0.01,0,0
hsa-miR-6880-5p,0.39,0.07,0.74,0,0.04,0,0,0.07,0,0,0
hsa-miR-6882-5p,0.13,0.28,0,0.02,0,0,0,0,0.04,0,0
hsa-miR-6885-5p,0.25,0.01,0.13,0.1,0,0.11,0,0.13,0.08,0,0
hsa-miR-6886-5p,0.1,0.42,0.11,0.01,0,0,0,0,0,0,0.01
hsa-miR-6887-5p,0.04,0.58,0.81,0.25,1.58,0.05,0.47,0.74,0,0,0.02
hsa-miR-6891-5p,0.28,0.58,0.17,0,0.08,0,0,0,0,0,0
hsa-miR-6893-5p,0.38,0,0.07,0.01,0,0,0,0,0,0,0
hsa-miR-6894-3p,0,0.11,0,0.19,0,0,0,0,0.1,0.02,0
hsa-miR-6894-5p,0,0.02,0.21,0.04,0.08,0,0,0,0,0,0
hsa-miR-7107-5p,0,0,0.17,0,0,0,0,0.03,0,0,0
hsa-miR-7108-5p,0,0.42,0.03,0,0.29,0,0,0,0,0,0
hsa-miR-7109-5p,0,0,0.19,0,0,0,0,0,0,0,0
hsa-miR-7110-5p,0,0,0.11,0,0,0,0,0,0,0,0
hsa-miR-7112-3p,0,0,0,0.04,0,0,0,0,0,0,0
hsa-miR-7114-3p,0,0,0,0.06,0,0,0.03,0,0,0,0
hsa-miR-7114-5p,0.06,0.38,0.25,0,0,0,0,0,0,0,0
hsa-miR-7-1-3p,69.6,4.36,0.91,11.4,1.77,0.09,11.35,0.02,5.66,0.36,0.1
hsa-miR-744-3p,0.23,0,0,0.12,0.14,0,0.35,0.11,0.22,0.01,0
hsa-miR-744-5p,37.68,3.12,1.9,3.16,2.06,0.08,2.9,0.19,1.8,0.21,0.03
hsa-miR-7-5p,8866.16,596.11,144.14,1104.81,176.33,7.56,798.08,22.19,683.56,57.5,3.07
hsa-miR-760,3.05,16.75,10.39,0.05,1.4,0,0.58,0.49,0.04,0,0
hsa-miR-766-3p,0.97,0,0,0.27,0,0,0.32,0,0.18,0.02,0
hsa-miR-766-5p,0.45,0.07,0.32,0.11,0,0,0,0,0.1,0,0
hsa-miR-767-3p,0.53,0,0.03,0.37,0.24,0.09,0.81,0,0.57,0,0
hsa-miR-767-5p,60.39,13.74,3.32,10.47,1.86,0.11,10.15,0,6.49,0.73,0.02
hsa-miR-769-3p,0.65,0.18,0.61,0.17,0.02,0,0.02,0.09,0.07,0,0.01
hsa-miR-769-5p,82.64,4.64,3.35,9.58,1.33,0,5.33,0.23,7.4,0.91,0.01
hsa-miR-7704,0.22,0.22,0.38,0.56,0.3,0.02,1.28,0.16,0.23,0.1,0.08
hsa-miR-7705,1.14,0.02,0,0.17,0,0,0.02,0,0.16,0,0
hsa-miR-7706,1.45,0.67,0.85,0.51,3.22,0.12,0.22,1.03,0.55,0.02,0.01
hsa-miR-7845-5p,0.34,0.12,0,0,0,0,0,0.02,0.01,0,0
hsa-miR-7851-3p,0,0.12,0,0.06,0,0,0,0,0.01,0,0
hsa-miR-7854-3p,0.37,0.26,0.49,0.06,0,0,0,0,0.09,0,0
hsa-miR-7975,0.05,0.18,0.08,0.09,0.16,0,0,0,0.03,0,0
hsa-miR-7976,1.59,0.07,0,0.3,0.82,0,0,0,0.28,0,0
hsa-miR-7977,13.94,0.65,0.22,5.57,1.43,0,1.12,0.4,5.35,2.75,0.09
hsa-miR-8072,1.07,0.72,0.08,0,0,0,0,0.08,0.08,0,0
hsa-miR-874-3p,0.49,1.4,0.76,0.3,0.39,0.22,0,0.54,0.14,0.07,0.06
hsa-miR-877-5p,19.21,5.52,9.4,2.98,6.56,0.78,2.55,1.07,1.8,0.01,0.22
hsa-miR-887-5p,0,0.03,0.13,0,0,0,0,0,0,0,0
hsa-miR-891a-5p,0.45,0,0,0,0,0,0,0,0,0,0
hsa-miR-92a-1-5p,91.04,1.82,1.21,2.14,0.33,0,2.91,0.55,3.58,0.13,0
hsa-miR-92a-3p,8843.5,4795.24,2641.49,1220.33,23801.75,646.36,8375.39,5350.34,1807.82,173.37,49.71
hsa-miR-92b-3p,21.05,19.31,11.92,4.75,95.82,2.72,18.05,6.87,8.25,0.97,0.2
hsa-miR-92b-5p,0.41,0.3,0.12,0.03,0.08,0,0.1,0.51,0.12,0.03,0
hsa-miR-933,0.18,0.44,0.73,0,0,0,0,0,0.01,0,0.01
hsa-miR-93-3p,31.21,1.08,0.02,4.5,2.11,0.18,6.7,0,2.99,0.65,0.14
hsa-miR-934,0.08,0,0.05,0.07,0,0,0,0,0.09,0,0
hsa-miR-935,0.59,0,0,0.33,0,0,1.14,0,0.04,0,0
hsa-miR-93-5p,2787.95,173.66,94.58,345.52,41.85,3.33,292.41,4.44,179.36,24.65,1.55
hsa-miR-937-3p,0.66,0.13,0,0.14,0,0,0,0,0.32,0,0.01
hsa-miR-937-5p,0.07,0.21,0.26,0,0,0,0,0.16,0,0,0
hsa-miR-939-5p,0.57,0.4,0,0,0.56,0,0,0,0.21,0,0
hsa-miR-9-3p,4.65,19.65,10.4,6.81,15.25,1.76,17.91,2.05,1.1,0.19,0.34
hsa-miR-940,2.53,5.43,5.8,0.42,1.6,0.21,0.2,0.3,0.06,0,0.03
hsa-miR-941,43.77,19.36,20.43,3.23,2.12,0.36,4.61,0.8,2.22,0.3,0.03
hsa-miR-942-3p,2.5,7.49,6.93,0.07,1.75,0.05,0.11,0.06,0,0,0
hsa-miR-942-5p,25.8,20.69,19.34,0.58,0.16,0,2.64,0.25,1.04,0.03,0
hsa-miR-943,0.25,0,0.02,0,0.69,0,0,0.03,0.05,0,0
hsa-miR-944,0,0.22,0,0.09,0,0,0,0,0.01,0,0
hsa-miR-95-3p,631.84,36.72,4.14,46.41,8.84,0,57.51,0.22,51.51,6.56,0.19
hsa-miR-95-5p,1.17,1.68,1.48,0.41,0.4,0,2.15,0,0,0,0
hsa-miR-9-5p,4.44,2.32,0.61,4.69,3.58,0.04,4.64,0.06,1.95,0.3,0.02
hsa-miR-96-3p,0.53,0,0,0.21,0,0,0.14,0,0.17,0.08,0
hsa-miR-96-5p,160.94,7.51,1.28,48.64,6.16,0.65,43.92,0.34,27.19,3.65,0.18
hsa-miR-98-3p,4.57,2.14,0.42,2.21,1.12,0,6.91,0,2.21,0.26,0.01
hsa-miR-98-5p,469.59,3.38,0.96,77.88,6.17,0.43,71.02,0.32,54.76,3.74,0.2
hsa-miR-9899,0,0.11,0.03,0,0,0,0,0,0,0,0
hsa-miR-9901,0,0.05,0,0.01,0,0,0,0.06,0.11,0,0
hsa-miR-9903,3.2,0.11,0.07,0.52,0.66,0,0,0.17,0.07,0,0
hsa-miR-9985,1.46,0.34,0.08,0.58,0.13,0.15,0.31,0.05,0.39,0.03,0.04
hsa-miR-99a-3p,7.01,1.86,1.99,1.3,0.18,0,0.38,0,0.08,0,0.01
hsa-miR-99a-5p,767.24,248.97,77.37,121.04,47.95,4.22,145.1,17.57,127.78,13.77,0.87
hsa-miR-99b-3p,3.84,5.08,6.24,0.68,0.78,0.03,1.3,0,0.39,0.06,0
hsa-miR-99b-5p,37.49,13.77,3.35,8.59,36.85,3.31,16.32,24.47,10.11,0.98,0.05